Domain Code,Domain,Area Code (M49),Area,Year Code,Year,Item Code,Item,Months Code,Months,Unit,Value,Flag,Flag Description,Note
"CP","Consumer Price Indices","642","Romania","2010","2010","23013","Consumer Prices, Food Indices (2015 = 100)","7001","January","","93.133241","A","Official figure","base year is 2015"
"CP","Consumer Price Indices","642","Romania","2010","2010","23013","Consumer Prices, Food Indices (2015 = 100)","7002","February","","93.355804","A","Official figure","base year is 2015"
"CP","Consumer Price Indices","642","Romania","2010","2010","23013","Consumer Prices, Food Indices (2015 = 100)","7003","March","","93.513453","A","Official figure","base year is 2015"
"CP","Consumer Price Indices","642","Romania","2010","2010","23013","Consumer Prices, Food Indices (2015 = 100)","7004","April","","93.531999","A","Official figure","base year is 2015"
"CP","Consumer Price Indices","642","Romania","2010","2010","23013","Consumer Prices, Food Indices (2015 = 100)","7005","May","","93.448538","A","Official figure","base year is 2015"
"CP","Consumer Price Indices","642","Romania","2010","2010","23013","Consumer Prices, Food Indices (2015 = 100)","7006","June","","93.392898","A","Official figure","base year is 2015"
"CP","Consumer Price Indices","642","Romania","2010","2010","23013","Consumer Prices, Food Indices (2015 = 100)","7007","July","","95.182673","A","Official figure","base year is 2015"
"CP","Consumer Price Indices","642","Romania","2010","2010","23013","Consumer Prices, Food Indices (2015 = 100)","7008","August","","95.544338","A","Official figure","base year is 2015"
"CP","Consumer Price Indices","642","Romania","2010","2010","23013","Consumer Prices, Food Indices (2015 = 100)","7009","September","","96.323307","A","Official figure","base year is 2015"
"CP","Consumer Price Indices","642","Romania","2010","2010","23013","Consumer Prices, Food Indices (2015 = 100)","7010","October","","97.120824","A","Official figure","base year is 2015"
"CP","Consumer Price Indices","642","Romania","2010","2010","23013","Consumer Prices, Food Indices (2015 = 100)","7011","November","","97.973981","A","Official figure","base year is 2015"
"CP","Consumer Price Indices","642","Romania","2010","2010","23013","Consumer Prices, Food Indices (2015 = 100)","7012","December","","98.715857","A","Official figure","base year is 2015"
"CP","Consumer Price Indices","642","Romania","2011","2011","23013","Consumer Prices, Food Indices (2015 = 100)","7001","January","","99.841218","A","Official figure","base year is 2015"
"CP","Consumer Price Indices","642","Romania","2011","2011","23013","Consumer Prices, Food Indices (2015 = 100)","7002","February","","101.59836","A","Official figure","base year is 2015"
"CP","Consumer Price Indices","642","Romania","2011","2011","23013","Consumer Prices, Food Indices (2015 = 100)","7003","March","","102.78295","A","Official figure","base year is 2015"
"CP","Consumer Price Indices","642","Romania","2011","2011","23013","Consumer Prices, Food Indices (2015 = 100)","7004","April","","103.730623","A","Official figure","base year is 2015"
"CP","Consumer Price Indices","642","Romania","2011","2011","23013","Consumer Prices, Food Indices (2015 = 100)","7005","May","","103.947797","A","Official figure","base year is 2015"
"CP","Consumer Price Indices","642","Romania","2011","2011","23013","Consumer Prices, Food Indices (2015 = 100)","7006","June","","102.555904","A","Official figure","base year is 2015"
"CP","Consumer Price Indices","642","Romania","2011","2011","23013","Consumer Prices, Food Indices (2015 = 100)","7007","July","","100.551972","A","Official figure","base year is 2015"
"CP","Consumer Price Indices","642","Romania","2011","2011","23013","Consumer Prices, Food Indices (2015 = 100)","7008","August","","99.150207","A","Official figure","base year is 2015"
"CP","Consumer Price Indices","642","Romania","2011","2011","23013","Consumer Prices, Food Indices (2015 = 100)","7009","September","","97.975488","A","Official figure","base year is 2015"
"CP","Consumer Price Indices","642","Romania","2011","2011","23013","Consumer Prices, Food Indices (2015 = 100)","7010","October","","98.765215","A","Official figure","base year is 2015"
"CP","Consumer Price Indices","642","Romania","2011","2011","23013","Consumer Prices, Food Indices (2015 = 100)","7011","November","","99.298281","A","Official figure","base year is 2015"
"CP","Consumer Price Indices","642","Romania","2011","2011","23013","Consumer Prices, Food Indices (2015 = 100)","7012","December","","99.653658","A","Official figure","base year is 2015"
"CP","Consumer Price Indices","642","Romania","2012","2012","23013","Consumer Prices, Food Indices (2015 = 100)","7001","January","","99.972549","A","Official figure","base year is 2015"
"CP","Consumer Price Indices","642","Romania","2012","2012","23013","Consumer Prices, Food Indices (2015 = 100)","7002","February","","101.178359","A","Official figure","base year is 2015"
"CP","Consumer Price Indices","642","Romania","2012","2012","23013","Consumer Prices, Food Indices (2015 = 100)","7003","March","","101.826107","A","Official figure","base year is 2015"
"CP","Consumer Price Indices","642","Romania","2012","2012","23013","Consumer Prices, Food Indices (2015 = 100)","7004","April","","101.716488","A","Official figure","base year is 2015"
"CP","Consumer Price Indices","642","Romania","2012","2012","23013","Consumer Prices, Food Indices (2015 = 100)","7005","May","","101.736419","A","Official figure","base year is 2015"
"CP","Consumer Price Indices","642","Romania","2012","2012","23013","Consumer Prices, Food Indices (2015 = 100)","7006","June","","101.606869","A","Official figure","base year is 2015"
"CP","Consumer Price Indices","642","Romania","2012","2012","23013","Consumer Prices, Food Indices (2015 = 100)","7007","July","","101.746384","A","Official figure","base year is 2015"
"CP","Consumer Price Indices","642","Romania","2012","2012","23013","Consumer Prices, Food Indices (2015 = 100)","7008","August","","102.424029","A","Official figure","base year is 2015"
"CP","Consumer Price Indices","642","Romania","2012","2012","23013","Consumer Prices, Food Indices (2015 = 100)","7009","September","","104.74596","A","Official figure","base year is 2015"
"CP","Consumer Price Indices","642","Romania","2012","2012","23013","Consumer Prices, Food Indices (2015 = 100)","7010","October","","104.835648","A","Official figure","base year is 2015"
"CP","Consumer Price Indices","642","Romania","2012","2012","23013","Consumer Prices, Food Indices (2015 = 100)","7011","November","","105.144574","A","Official figure","base year is 2015"
"CP","Consumer Price Indices","642","Romania","2012","2012","23013","Consumer Prices, Food Indices (2015 = 100)","7012","December","","105.84215","A","Official figure","base year is 2015"
"CP","Consumer Price Indices","642","Romania","2013","2013","23013","Consumer Prices, Food Indices (2015 = 100)","7001","January","","107.154592","A","Official figure","base year is 2015"
"CP","Consumer Price Indices","642","Romania","2013","2013","23013","Consumer Prices, Food Indices (2015 = 100)","7002","February","","107.461535","A","Official figure","base year is 2015"
"CP","Consumer Price Indices","642","Romania","2013","2013","23013","Consumer Prices, Food Indices (2015 = 100)","7003","March","","107.387445","A","Official figure","base year is 2015"
"CP","Consumer Price Indices","642","Romania","2013","2013","23013","Consumer Prices, Food Indices (2015 = 100)","7004","April","","107.408614","A","Official figure","base year is 2015"
"CP","Consumer Price Indices","642","Romania","2013","2013","23013","Consumer Prices, Food Indices (2015 = 100)","7005","May","","108.234182","A","Official figure","base year is 2015"
"CP","Consumer Price Indices","642","Romania","2013","2013","23013","Consumer Prices, Food Indices (2015 = 100)","7006","June","","107.45095","A","Official figure","base year is 2015"
"CP","Consumer Price Indices","642","Romania","2013","2013","23013","Consumer Prices, Food Indices (2015 = 100)","7007","July","","105.715139","A","Official figure","base year is 2015"
"CP","Consumer Price Indices","642","Romania","2013","2013","23013","Consumer Prices, Food Indices (2015 = 100)","7008","August","","104.857818","A","Official figure","base year is 2015"
"CP","Consumer Price Indices","642","Romania","2013","2013","23013","Consumer Prices, Food Indices (2015 = 100)","7009","September","","102.942075","A","Official figure","base year is 2015"
"CP","Consumer Price Indices","642","Romania","2013","2013","23013","Consumer Prices, Food Indices (2015 = 100)","7010","October","","103.439533","A","Official figure","base year is 2015"
"CP","Consumer Price Indices","642","Romania","2013","2013","23013","Consumer Prices, Food Indices (2015 = 100)","7011","November","","103.28077","A","Official figure","base year is 2015"
"CP","Consumer Price Indices","642","Romania","2013","2013","23013","Consumer Prices, Food Indices (2015 = 100)","7012","December","","103.926407","A","Official figure","base year is 2015"
"CP","Consumer Price Indices","642","Romania","2014","2014","23013","Consumer Prices, Food Indices (2015 = 100)","7001","January","","104.820174","A","Official figure","base year is 2015"
"CP","Consumer Price Indices","642","Romania","2014","2014","23013","Consumer Prices, Food Indices (2015 = 100)","7002","February","","105.131953","A","Official figure","base year is 2015"
"CP","Consumer Price Indices","642","Romania","2014","2014","23013","Consumer Prices, Food Indices (2015 = 100)","7003","March","","105.007241","A","Official figure","base year is 2015"
"CP","Consumer Price Indices","642","Romania","2014","2014","23013","Consumer Prices, Food Indices (2015 = 100)","7004","April","","104.944886","A","Official figure","base year is 2015"
"CP","Consumer Price Indices","642","Romania","2014","2014","23013","Consumer Prices, Food Indices (2015 = 100)","7005","May","","104.820174","A","Official figure","base year is 2015"
"CP","Consumer Price Indices","642","Romania","2014","2014","23013","Consumer Prices, Food Indices (2015 = 100)","7006","June","","104.040726","A","Official figure","base year is 2015"
"CP","Consumer Price Indices","642","Romania","2014","2014","23013","Consumer Prices, Food Indices (2015 = 100)","7007","July","","103.728947","A","Official figure","base year is 2015"
"CP","Consumer Price Indices","642","Romania","2014","2014","23013","Consumer Prices, Food Indices (2015 = 100)","7008","August","","102.793609","A","Official figure","base year is 2015"
"CP","Consumer Price Indices","642","Romania","2014","2014","23013","Consumer Prices, Food Indices (2015 = 100)","7009","September","","102.970284","A","Official figure","base year is 2015"
"CP","Consumer Price Indices","642","Romania","2014","2014","23013","Consumer Prices, Food Indices (2015 = 100)","7010","October","","103.531487","A","Official figure","base year is 2015"
"CP","Consumer Price Indices","642","Romania","2014","2014","23013","Consumer Prices, Food Indices (2015 = 100)","7011","November","","103.250885","A","Official figure","base year is 2015"
"CP","Consumer Price Indices","642","Romania","2014","2014","23013","Consumer Prices, Food Indices (2015 = 100)","7012","December","","103.500309","A","Official figure","base year is 2015"
"CP","Consumer Price Indices","642","Romania","2015","2015","23013","Consumer Prices, Food Indices (2015 = 100)","7001","January","","104.09026","A","Official figure","base year is 2015"
"CP","Consumer Price Indices","642","Romania","2015","2015","23013","Consumer Prices, Food Indices (2015 = 100)","7002","February","","104.638812","A","Official figure","base year is 2015"
"CP","Consumer Price Indices","642","Romania","2015","2015","23013","Consumer Prices, Food Indices (2015 = 100)","7003","March","","104.938963","A","Official figure","base year is 2015"
"CP","Consumer Price Indices","642","Romania","2015","2015","23013","Consumer Prices, Food Indices (2015 = 100)","7004","April","","105.280514","A","Official figure","base year is 2015"
"CP","Consumer Price Indices","642","Romania","2015","2015","23013","Consumer Prices, Food Indices (2015 = 100)","7005","May","","106.067116","A","Official figure","base year is 2015"
"CP","Consumer Price Indices","642","Romania","2015","2015","23013","Consumer Prices, Food Indices (2015 = 100)","7006","June","","97.34204","A","Official figure","base year is 2015"
"CP","Consumer Price Indices","642","Romania","2015","2015","23013","Consumer Prices, Food Indices (2015 = 100)","7007","July","","96.203537","A","Official figure","base year is 2015"
"CP","Consumer Price Indices","642","Romania","2015","2015","23013","Consumer Prices, Food Indices (2015 = 100)","7008","August","","95.447985","A","Official figure","base year is 2015"
"CP","Consumer Price Indices","642","Romania","2015","2015","23013","Consumer Prices, Food Indices (2015 = 100)","7009","September","","96.307037","A","Official figure","base year is 2015"
"CP","Consumer Price Indices","642","Romania","2015","2015","23013","Consumer Prices, Food Indices (2015 = 100)","7010","October","","96.793489","A","Official figure","base year is 2015"
"CP","Consumer Price Indices","642","Romania","2015","2015","23013","Consumer Prices, Food Indices (2015 = 100)","7011","November","","96.855589","A","Official figure","base year is 2015"
"CP","Consumer Price Indices","642","Romania","2015","2015","23013","Consumer Prices, Food Indices (2015 = 100)","7012","December","","97.083289","A","Official figure","base year is 2015"
"CP","Consumer Price Indices","642","Romania","2016","2016","23013","Consumer Prices, Food Indices (2015 = 100)","7001","January","","97.539581","A","Official figure","base year is 2015"
"CP","Consumer Price Indices","642","Romania","2016","2016","23013","Consumer Prices, Food Indices (2015 = 100)","7002","February","","97.869664","A","Official figure","base year is 2015"
"CP","Consumer Price Indices","642","Romania","2016","2016","23013","Consumer Prices, Food Indices (2015 = 100)","7003","March","","97.859956","A","Official figure","base year is 2015"
"CP","Consumer Price Indices","642","Romania","2016","2016","23013","Consumer Prices, Food Indices (2015 = 100)","7004","April","","97.500748","A","Official figure","base year is 2015"
"CP","Consumer Price Indices","642","Romania","2016","2016","23013","Consumer Prices, Food Indices (2015 = 100)","7005","May","","98.034706","A","Official figure","base year is 2015"
"CP","Consumer Price Indices","642","Romania","2016","2016","23013","Consumer Prices, Food Indices (2015 = 100)","7006","June","","97.364831","A","Official figure","base year is 2015"
"CP","Consumer Price Indices","642","Romania","2016","2016","23013","Consumer Prices, Food Indices (2015 = 100)","7007","July","","97.403664","A","Official figure","base year is 2015"
"CP","Consumer Price Indices","642","Romania","2016","2016","23013","Consumer Prices, Food Indices (2015 = 100)","7008","August","","97.316289","A","Official figure","base year is 2015"
"CP","Consumer Price Indices","642","Romania","2016","2016","23013","Consumer Prices, Food Indices (2015 = 100)","7009","September","","96.753206","A","Official figure","base year is 2015"
"CP","Consumer Price Indices","642","Romania","2016","2016","23013","Consumer Prices, Food Indices (2015 = 100)","7010","October","","97.267748","A","Official figure","base year is 2015"
"CP","Consumer Price Indices","642","Romania","2016","2016","23013","Consumer Prices, Food Indices (2015 = 100)","7011","November","","97.491039","A","Official figure","base year is 2015"
"CP","Consumer Price Indices","642","Romania","2016","2016","23013","Consumer Prices, Food Indices (2015 = 100)","7012","December","","97.743456","A","Official figure","base year is 2015"
"CP","Consumer Price Indices","642","Romania","2017","2017","23013","Consumer Prices, Food Indices (2015 = 100)","7001","January","","98.632921","A","Official figure","base year is 2015"
"CP","Consumer Price Indices","642","Romania","2017","2017","23013","Consumer Prices, Food Indices (2015 = 100)","7002","February","","99.278028","A","Official figure","base year is 2015"
"CP","Consumer Price Indices","642","Romania","2017","2017","23013","Consumer Prices, Food Indices (2015 = 100)","7003","March","","99.502838","A","Official figure","base year is 2015"
"CP","Consumer Price Indices","642","Romania","2017","2017","23013","Consumer Prices, Food Indices (2015 = 100)","7004","April","","99.688551","A","Official figure","base year is 2015"
"CP","Consumer Price Indices","642","Romania","2017","2017","23013","Consumer Prices, Food Indices (2015 = 100)","7005","May","","100.29456","A","Official figure","base year is 2015"
"CP","Consumer Price Indices","642","Romania","2017","2017","23013","Consumer Prices, Food Indices (2015 = 100)","7006","June","","100.118622","A","Official figure","base year is 2015"
"CP","Consumer Price Indices","642","Romania","2017","2017","23013","Consumer Prices, Food Indices (2015 = 100)","7007","July","","99.727648","A","Official figure","base year is 2015"
"CP","Consumer Price Indices","642","Romania","2017","2017","23013","Consumer Prices, Food Indices (2015 = 100)","7008","August","","98.867506","A","Official figure","base year is 2015"
"CP","Consumer Price Indices","642","Romania","2017","2017","23013","Consumer Prices, Food Indices (2015 = 100)","7009","September","","99.405095","A","Official figure","base year is 2015"
"CP","Consumer Price Indices","642","Romania","2017","2017","23013","Consumer Prices, Food Indices (2015 = 100)","7010","October","","100.695308","A","Official figure","base year is 2015"
"CP","Consumer Price Indices","642","Romania","2017","2017","23013","Consumer Prices, Food Indices (2015 = 100)","7011","November","","101.271995","A","Official figure","base year is 2015"
"CP","Consumer Price Indices","642","Romania","2017","2017","23013","Consumer Prices, Food Indices (2015 = 100)","7012","December","","101.721614","A","Official figure","base year is 2015"
"CP","Consumer Price Indices","642","Romania","2018","2018","23013","Consumer Prices, Food Indices (2015 = 100)","7001","January","","102.372633","A","Official figure","base year is 2015"
"CP","Consumer Price Indices","642","Romania","2018","2018","23013","Consumer Prices, Food Indices (2015 = 100)","7002","February","","102.993135","A","Official figure","base year is 2015"
"CP","Consumer Price Indices","642","Romania","2018","2018","23013","Consumer Prices, Food Indices (2015 = 100)","7003","March","","103.491571","A","Official figure","base year is 2015"
"CP","Consumer Price Indices","642","Romania","2018","2018","23013","Consumer Prices, Food Indices (2015 = 100)","7004","April","","103.674669","A","Official figure","base year is 2015"
"CP","Consumer Price Indices","642","Romania","2018","2018","23013","Consumer Prices, Food Indices (2015 = 100)","7005","May","","104.234138","A","Official figure","base year is 2015"
"CP","Consumer Price Indices","642","Romania","2018","2018","23013","Consumer Prices, Food Indices (2015 = 100)","7006","June","","103.979834","A","Official figure","base year is 2015"
"CP","Consumer Price Indices","642","Romania","2018","2018","23013","Consumer Prices, Food Indices (2015 = 100)","7007","July","","103.145717","A","Official figure","base year is 2015"
"CP","Consumer Price Indices","642","Romania","2018","2018","23013","Consumer Prices, Food Indices (2015 = 100)","7008","August","","102.97279","A","Official figure","base year is 2015"
"CP","Consumer Price Indices","642","Romania","2018","2018","23013","Consumer Prices, Food Indices (2015 = 100)","7009","September","","103.827252","A","Official figure","base year is 2015"
"CP","Consumer Price Indices","642","Romania","2018","2018","23013","Consumer Prices, Food Indices (2015 = 100)","7010","October","","104.457926","A","Official figure","base year is 2015"
"CP","Consumer Price Indices","642","Romania","2018","2018","23013","Consumer Prices, Food Indices (2015 = 100)","7011","November","","104.173105","A","Official figure","base year is 2015"
"CP","Consumer Price Indices","642","Romania","2018","2018","23013","Consumer Prices, Food Indices (2015 = 100)","7012","December","","104.874985","A","Official figure","base year is 2015"
"CP","Consumer Price Indices","642","Romania","2019","2019","23013","Consumer Prices, Food Indices (2015 = 100)","7001","January","","106.238359","A","Official figure","base year is 2015"
"CP","Consumer Price Indices","642","Romania","2019","2019","23013","Consumer Prices, Food Indices (2015 = 100)","7002","February","","107.591247","A","Official figure","base year is 2015"
"CP","Consumer Price Indices","642","Romania","2019","2019","23013","Consumer Prices, Food Indices (2015 = 100)","7003","March","","108.105134","A","Official figure","base year is 2015"
"CP","Consumer Price Indices","642","Romania","2019","2019","23013","Consumer Prices, Food Indices (2015 = 100)","7004","April","","108.839259","A","Official figure","base year is 2015"
"CP","Consumer Price Indices","642","Romania","2019","2019","23013","Consumer Prices, Food Indices (2015 = 100)","7005","May","","109.699234","A","Official figure","base year is 2015"
"CP","Consumer Price Indices","642","Romania","2019","2019","23013","Consumer Prices, Food Indices (2015 = 100)","7006","June","","109.185346","A","Official figure","base year is 2015"
"CP","Consumer Price Indices","642","Romania","2019","2019","23013","Consumer Prices, Food Indices (2015 = 100)","7007","July","","108.461709","A","Official figure","base year is 2015"
"CP","Consumer Price Indices","642","Romania","2019","2019","23013","Consumer Prices, Food Indices (2015 = 100)","7008","August","","108.147084","A","Official figure","base year is 2015"
"CP","Consumer Price Indices","642","Romania","2019","2019","23013","Consumer Prices, Food Indices (2015 = 100)","7009","September","","108.052697","A","Official figure","base year is 2015"
"CP","Consumer Price Indices","642","Romania","2019","2019","23013","Consumer Prices, Food Indices (2015 = 100)","7010","October","","108.807796","A","Official figure","base year is 2015"
"CP","Consumer Price Indices","642","Romania","2019","2019","23013","Consumer Prices, Food Indices (2015 = 100)","7011","November","","109.279734","A","Official figure","base year is 2015"
"CP","Consumer Price Indices","642","Romania","2019","2019","23013","Consumer Prices, Food Indices (2015 = 100)","7012","December","","110.202634","A","Official figure","base year is 2015"
"CP","Consumer Price Indices","642","Romania","2020","2020","23013","Consumer Prices, Food Indices (2015 = 100)","7001","January","","111.29364","A","Official figure","base year is 2015"
"CP","Consumer Price Indices","642","Romania","2020","2020","23013","Consumer Prices, Food Indices (2015 = 100)","7002","February","","111.998937","A","Official figure","base year is 2015"
"CP","Consumer Price Indices","642","Romania","2020","2020","23013","Consumer Prices, Food Indices (2015 = 100)","7003","March","","113.629936","A","Official figure","base year is 2015"
"CP","Consumer Price Indices","642","Romania","2020","2020","23013","Consumer Prices, Food Indices (2015 = 100)","7004","April","","115.07359","A","Official figure","base year is 2015"
"CP","Consumer Price Indices","642","Romania","2020","2020","23013","Consumer Prices, Food Indices (2015 = 100)","7005","May","","115.47032","A","Official figure","base year is 2015"
"CP","Consumer Price Indices","642","Romania","2020","2020","23013","Consumer Prices, Food Indices (2015 = 100)","7006","June","","115.029509","A","Official figure","base year is 2015"
"CP","Consumer Price Indices","642","Romania","2020","2020","23013","Consumer Prices, Food Indices (2015 = 100)","7007","July","","114.511557","A","Official figure","base year is 2015"
"CP","Consumer Price Indices","642","Romania","2020","2020","23013","Consumer Prices, Food Indices (2015 = 100)","7008","August","","114.037685","A","Official figure","base year is 2015"
"CP","Consumer Price Indices","642","Romania","2020","2020","23013","Consumer Prices, Food Indices (2015 = 100)","7009","September","","113.40953","A","Official figure","base year is 2015"
"CP","Consumer Price Indices","642","Romania","2020","2020","23013","Consumer Prices, Food Indices (2015 = 100)","7010","October","","113.530753","A","Official figure","base year is 2015"
"CP","Consumer Price Indices","642","Romania","2020","2020","23013","Consumer Prices, Food Indices (2015 = 100)","7011","November","","113.442591","A","Official figure","base year is 2015"
"CP","Consumer Price Indices","642","Romania","2020","2020","23013","Consumer Prices, Food Indices (2015 = 100)","7012","December","","113.773199","A","Official figure","base year is 2015"
"CP","Consumer Price Indices","642","Romania","2010","2010","23012","Consumer Prices, General Indices (2015 = 100)","7001","January","","85.276985","X","Figure from international organizations","base year is 2015"
"CP","Consumer Price Indices","642","Romania","2010","2010","23012","Consumer Prices, General Indices (2015 = 100)","7002","February","","85.436998","X","Figure from international organizations","base year is 2015"
"CP","Consumer Price Indices","642","Romania","2010","2010","23012","Consumer Prices, General Indices (2015 = 100)","7003","March","","85.627014","X","Figure from international organizations","base year is 2015"
"CP","Consumer Price Indices","642","Romania","2010","2010","23012","Consumer Prices, General Indices (2015 = 100)","7004","April","","85.927038","X","Figure from international organizations","base year is 2015"
"CP","Consumer Price Indices","642","Romania","2010","2010","23012","Consumer Prices, General Indices (2015 = 100)","7005","May","","86.057049","X","Figure from international organizations","base year is 2015"
"CP","Consumer Price Indices","642","Romania","2010","2010","23012","Consumer Prices, General Indices (2015 = 100)","7006","June","","86.18706","X","Figure from international organizations","base year is 2015"
"CP","Consumer Price Indices","642","Romania","2010","2010","23012","Consumer Prices, General Indices (2015 = 100)","7007","July","","88.407242","X","Figure from international organizations","base year is 2015"
"CP","Consumer Price Indices","642","Romania","2010","2010","23012","Consumer Prices, General Indices (2015 = 100)","7008","August","","88.607258","X","Figure from international organizations","base year is 2015"
"CP","Consumer Price Indices","642","Romania","2010","2010","23012","Consumer Prices, General Indices (2015 = 100)","7009","September","","89.107299","X","Figure from international organizations","base year is 2015"
"CP","Consumer Price Indices","642","Romania","2010","2010","23012","Consumer Prices, General Indices (2015 = 100)","7010","October","","89.597339","X","Figure from international organizations","base year is 2015"
"CP","Consumer Price Indices","642","Romania","2010","2010","23012","Consumer Prices, General Indices (2015 = 100)","7011","November","","90.057377","X","Figure from international organizations","base year is 2015"
"CP","Consumer Price Indices","642","Romania","2010","2010","23012","Consumer Prices, General Indices (2015 = 100)","7012","December","","90.537416","X","Figure from international organizations","base year is 2015"
"CP","Consumer Price Indices","642","Romania","2011","2011","23012","Consumer Prices, General Indices (2015 = 100)","7001","January","","91.237473","X","Figure from international organizations","base year is 2015"
"CP","Consumer Price Indices","642","Romania","2011","2011","23012","Consumer Prices, General Indices (2015 = 100)","7002","February","","91.937531","X","Figure from international organizations","base year is 2015"
"CP","Consumer Price Indices","642","Romania","2011","2011","23012","Consumer Prices, General Indices (2015 = 100)","7003","March","","92.487576","X","Figure from international organizations","base year is 2015"
"CP","Consumer Price Indices","642","Romania","2011","2011","23012","Consumer Prices, General Indices (2015 = 100)","7004","April","","93.097626","X","Figure from international organizations","base year is 2015"
"CP","Consumer Price Indices","642","Romania","2011","2011","23012","Consumer Prices, General Indices (2015 = 100)","7005","May","","93.297642","X","Figure from international organizations","base year is 2015"
"CP","Consumer Price Indices","642","Romania","2011","2011","23012","Consumer Prices, General Indices (2015 = 100)","7006","June","","93.02762","X","Figure from international organizations","base year is 2015"
"CP","Consumer Price Indices","642","Romania","2011","2011","23012","Consumer Prices, General Indices (2015 = 100)","7007","July","","92.697593","X","Figure from international organizations","base year is 2015"
"CP","Consumer Price Indices","642","Romania","2011","2011","23012","Consumer Prices, General Indices (2015 = 100)","7008","August","","92.377567","X","Figure from international organizations","base year is 2015"
"CP","Consumer Price Indices","642","Romania","2011","2011","23012","Consumer Prices, General Indices (2015 = 100)","7009","September","","92.187551","X","Figure from international organizations","base year is 2015"
"CP","Consumer Price Indices","642","Romania","2011","2011","23012","Consumer Prices, General Indices (2015 = 100)","7010","October","","92.777599","X","Figure from international organizations","base year is 2015"
"CP","Consumer Price Indices","642","Romania","2011","2011","23012","Consumer Prices, General Indices (2015 = 100)","7011","November","","93.157631","X","Figure from international organizations","base year is 2015"
"CP","Consumer Price Indices","642","Romania","2011","2011","23012","Consumer Prices, General Indices (2015 = 100)","7012","December","","93.377649","X","Figure from international organizations","base year is 2015"
"CP","Consumer Price Indices","642","Romania","2012","2012","23012","Consumer Prices, General Indices (2015 = 100)","7001","January","","93.717676","X","Figure from international organizations","base year is 2015"
"CP","Consumer Price Indices","642","Romania","2012","2012","23012","Consumer Prices, General Indices (2015 = 100)","7002","February","","94.317726","X","Figure from international organizations","base year is 2015"
"CP","Consumer Price Indices","642","Romania","2012","2012","23012","Consumer Prices, General Indices (2015 = 100)","7003","March","","94.707758","X","Figure from international organizations","base year is 2015"
"CP","Consumer Price Indices","642","Romania","2012","2012","23012","Consumer Prices, General Indices (2015 = 100)","7004","April","","94.777763","X","Figure from international organizations","base year is 2015"
"CP","Consumer Price Indices","642","Romania","2012","2012","23012","Consumer Prices, General Indices (2015 = 100)","7005","May","","94.957778","X","Figure from international organizations","base year is 2015"
"CP","Consumer Price Indices","642","Romania","2012","2012","23012","Consumer Prices, General Indices (2015 = 100)","7006","June","","94.927776","X","Figure from international organizations","base year is 2015"
"CP","Consumer Price Indices","642","Romania","2012","2012","23012","Consumer Prices, General Indices (2015 = 100)","7007","July","","95.477821","X","Figure from international organizations","base year is 2015"
"CP","Consumer Price Indices","642","Romania","2012","2012","23012","Consumer Prices, General Indices (2015 = 100)","7008","August","","95.967861","X","Figure from international organizations","base year is 2015"
"CP","Consumer Price Indices","642","Romania","2012","2012","23012","Consumer Prices, General Indices (2015 = 100)","7009","September","","97.097953","X","Figure from international organizations","base year is 2015"
"CP","Consumer Price Indices","642","Romania","2012","2012","23012","Consumer Prices, General Indices (2015 = 100)","7010","October","","97.377976","X","Figure from international organizations","base year is 2015"
"CP","Consumer Price Indices","642","Romania","2012","2012","23012","Consumer Prices, General Indices (2015 = 100)","7011","November","","97.407979","X","Figure from international organizations","base year is 2015"
"CP","Consumer Price Indices","642","Romania","2012","2012","23012","Consumer Prices, General Indices (2015 = 100)","7012","December","","97.998027","X","Figure from international organizations","base year is 2015"
"CP","Consumer Price Indices","642","Romania","2013","2013","23012","Consumer Prices, General Indices (2015 = 100)","7001","January","","99.318135","X","Figure from international organizations","base year is 2015"
"CP","Consumer Price Indices","642","Romania","2013","2013","23012","Consumer Prices, General Indices (2015 = 100)","7002","February","","99.648162","X","Figure from international organizations","base year is 2015"
"CP","Consumer Price Indices","642","Romania","2013","2013","23012","Consumer Prices, General Indices (2015 = 100)","7003","March","","99.688166","X","Figure from international organizations","base year is 2015"
"CP","Consumer Price Indices","642","Romania","2013","2013","23012","Consumer Prices, General Indices (2015 = 100)","7004","April","","99.788174","X","Figure from international organizations","base year is 2015"
"CP","Consumer Price Indices","642","Romania","2013","2013","23012","Consumer Prices, General Indices (2015 = 100)","7005","May","","100.018193","X","Figure from international organizations","base year is 2015"
"CP","Consumer Price Indices","642","Romania","2013","2013","23012","Consumer Prices, General Indices (2015 = 100)","7006","June","","100.028193","X","Figure from international organizations","base year is 2015"
"CP","Consumer Price Indices","642","Romania","2013","2013","23012","Consumer Prices, General Indices (2015 = 100)","7007","July","","99.688166","X","Figure from international organizations","base year is 2015"
"CP","Consumer Price Indices","642","Romania","2013","2013","23012","Consumer Prices, General Indices (2015 = 100)","7008","August","","99.488149","X","Figure from international organizations","base year is 2015"
"CP","Consumer Price Indices","642","Romania","2013","2013","23012","Consumer Prices, General Indices (2015 = 100)","7009","September","","98.918102","X","Figure from international organizations","base year is 2015"
"CP","Consumer Price Indices","642","Romania","2013","2013","23012","Consumer Prices, General Indices (2015 = 100)","7010","October","","99.208126","X","Figure from international organizations","base year is 2015"
"CP","Consumer Price Indices","642","Romania","2013","2013","23012","Consumer Prices, General Indices (2015 = 100)","7011","November","","99.198125","X","Figure from international organizations","base year is 2015"
"CP","Consumer Price Indices","642","Romania","2013","2013","23012","Consumer Prices, General Indices (2015 = 100)","7012","December","","99.518152","X","Figure from international organizations","base year is 2015"
"CP","Consumer Price Indices","642","Romania","2014","2014","23012","Consumer Prices, General Indices (2015 = 100)","7001","January","","100.368221","X","Figure from international organizations","base year is 2015"
"CP","Consumer Price Indices","642","Romania","2014","2014","23012","Consumer Prices, General Indices (2015 = 100)","7002","February","","100.698248","X","Figure from international organizations","base year is 2015"
"CP","Consumer Price Indices","642","Romania","2014","2014","23012","Consumer Prices, General Indices (2015 = 100)","7003","March","","100.728251","X","Figure from international organizations","base year is 2015"
"CP","Consumer Price Indices","642","Romania","2014","2014","23012","Consumer Prices, General Indices (2015 = 100)","7004","April","","100.998273","X","Figure from international organizations","base year is 2015"
"CP","Consumer Price Indices","642","Romania","2014","2014","23012","Consumer Prices, General Indices (2015 = 100)","7005","May","","100.95827","X","Figure from international organizations","base year is 2015"
"CP","Consumer Price Indices","642","Romania","2014","2014","23012","Consumer Prices, General Indices (2015 = 100)","7006","June","","100.688247","X","Figure from international organizations","base year is 2015"
"CP","Consumer Price Indices","642","Romania","2014","2014","23012","Consumer Prices, General Indices (2015 = 100)","7007","July","","100.638243","X","Figure from international organizations","base year is 2015"
"CP","Consumer Price Indices","642","Romania","2014","2014","23012","Consumer Prices, General Indices (2015 = 100)","7008","August","","100.318217","X","Figure from international organizations","base year is 2015"
"CP","Consumer Price Indices","642","Romania","2014","2014","23012","Consumer Prices, General Indices (2015 = 100)","7009","September","","100.448228","X","Figure from international organizations","base year is 2015"
"CP","Consumer Price Indices","642","Romania","2014","2014","23012","Consumer Prices, General Indices (2015 = 100)","7010","October","","100.638243","X","Figure from international organizations","base year is 2015"
"CP","Consumer Price Indices","642","Romania","2014","2014","23012","Consumer Prices, General Indices (2015 = 100)","7011","November","","100.438227","X","Figure from international organizations","base year is 2015"
"CP","Consumer Price Indices","642","Romania","2014","2014","23012","Consumer Prices, General Indices (2015 = 100)","7012","December","","100.34822","X","Figure from international organizations","base year is 2015"
"CP","Consumer Price Indices","642","Romania","2015","2015","23012","Consumer Prices, General Indices (2015 = 100)","7001","January","","100.778255","X","Figure from international organizations","base year is 2015"
"CP","Consumer Price Indices","642","Romania","2015","2015","23012","Consumer Prices, General Indices (2015 = 100)","7002","February","","101.104687","X","Figure from international organizations","base year is 2015"
"CP","Consumer Price Indices","642","Romania","2015","2015","23012","Consumer Prices, General Indices (2015 = 100)","7003","March","","101.519928","X","Figure from international organizations","base year is 2015"
"CP","Consumer Price Indices","642","Romania","2015","2015","23012","Consumer Prices, General Indices (2015 = 100)","7004","April","","101.649691","X","Figure from international organizations","base year is 2015"
"CP","Consumer Price Indices","642","Romania","2015","2015","23012","Consumer Prices, General Indices (2015 = 100)","7005","May","","102.129814","X","Figure from international organizations","base year is 2015"
"CP","Consumer Price Indices","642","Romania","2015","2015","23012","Consumer Prices, General Indices (2015 = 100)","7006","June","","99.119317","X","Figure from international organizations","base year is 2015"
"CP","Consumer Price Indices","642","Romania","2015","2015","23012","Consumer Prices, General Indices (2015 = 100)","7007","July","","98.958106","X","Figure from international organizations","base year is 2015"
"CP","Consumer Price Indices","642","Romania","2015","2015","23012","Consumer Prices, General Indices (2015 = 100)","7008","August","","98.44455","X","Figure from international organizations","base year is 2015"
"CP","Consumer Price Indices","642","Romania","2015","2015","23012","Consumer Prices, General Indices (2015 = 100)","7009","September","","98.704076","X","Figure from international organizations","base year is 2015"
"CP","Consumer Price Indices","642","Romania","2015","2015","23012","Consumer Prices, General Indices (2015 = 100)","7010","October","","98.988108","X","Figure from international organizations","base year is 2015"
"CP","Consumer Price Indices","642","Romania","2015","2015","23012","Consumer Prices, General Indices (2015 = 100)","7011","November","","99.294496","X","Figure from international organizations","base year is 2015"
"CP","Consumer Price Indices","642","Romania","2015","2015","23012","Consumer Prices, General Indices (2015 = 100)","7012","December","","99.404795","X","Figure from international organizations","base year is 2015"
"CP","Consumer Price Indices","642","Romania","2016","2016","23012","Consumer Prices, General Indices (2015 = 100)","7001","January","","98.63808","X","Figure from international organizations","base year is 2015"
"CP","Consumer Price Indices","642","Romania","2016","2016","23012","Consumer Prices, General Indices (2015 = 100)","7002","February","","98.39806","X","Figure from international organizations","base year is 2015"
"CP","Consumer Price Indices","642","Romania","2016","2016","23012","Consumer Prices, General Indices (2015 = 100)","7003","March","","98.498068","X","Figure from international organizations","base year is 2015"
"CP","Consumer Price Indices","642","Romania","2016","2016","23012","Consumer Prices, General Indices (2015 = 100)","7004","April","","98.348056","X","Figure from international organizations","base year is 2015"
"CP","Consumer Price Indices","642","Romania","2016","2016","23012","Consumer Prices, General Indices (2015 = 100)","7005","May","","98.598076","X","Figure from international organizations","base year is 2015"
"CP","Consumer Price Indices","642","Romania","2016","2016","23012","Consumer Prices, General Indices (2015 = 100)","7006","June","","98.428062","X","Figure from international organizations","base year is 2015"
"CP","Consumer Price Indices","642","Romania","2016","2016","23012","Consumer Prices, General Indices (2015 = 100)","7007","July","","98.188043","X","Figure from international organizations","base year is 2015"
"CP","Consumer Price Indices","642","Romania","2016","2016","23012","Consumer Prices, General Indices (2015 = 100)","7008","August","","98.248048","X","Figure from international organizations","base year is 2015"
"CP","Consumer Price Indices","642","Romania","2016","2016","23012","Consumer Prices, General Indices (2015 = 100)","7009","September","","98.148039","X","Figure from international organizations","base year is 2015"
"CP","Consumer Price Indices","642","Romania","2016","2016","23012","Consumer Prices, General Indices (2015 = 100)","7010","October","","98.568074","X","Figure from international organizations","base year is 2015"
"CP","Consumer Price Indices","642","Romania","2016","2016","23012","Consumer Prices, General Indices (2015 = 100)","7011","November","","98.628079","X","Figure from international organizations","base year is 2015"
"CP","Consumer Price Indices","642","Romania","2016","2016","23012","Consumer Prices, General Indices (2015 = 100)","7012","December","","98.868098","X","Figure from international organizations","base year is 2015"
"CP","Consumer Price Indices","642","Romania","2017","2017","23012","Consumer Prices, General Indices (2015 = 100)","7001","January","","98.688084","X","Figure from international organizations","base year is 2015"
"CP","Consumer Price Indices","642","Romania","2017","2017","23012","Consumer Prices, General Indices (2015 = 100)","7002","February","","98.598076","X","Figure from international organizations","base year is 2015"
"CP","Consumer Price Indices","642","Romania","2017","2017","23012","Consumer Prices, General Indices (2015 = 100)","7003","March","","98.678083","X","Figure from international organizations","base year is 2015"
"CP","Consumer Price Indices","642","Romania","2017","2017","23012","Consumer Prices, General Indices (2015 = 100)","7004","April","","98.948105","X","Figure from international organizations","base year is 2015"
"CP","Consumer Price Indices","642","Romania","2017","2017","23012","Consumer Prices, General Indices (2015 = 100)","7005","May","","99.228128","X","Figure from international organizations","base year is 2015"
"CP","Consumer Price Indices","642","Romania","2017","2017","23012","Consumer Prices, General Indices (2015 = 100)","7006","June","","99.268131","X","Figure from international organizations","base year is 2015"
"CP","Consumer Price Indices","642","Romania","2017","2017","23012","Consumer Prices, General Indices (2015 = 100)","7007","July","","99.578157","X","Figure from international organizations","base year is 2015"
"CP","Consumer Price Indices","642","Romania","2017","2017","23012","Consumer Prices, General Indices (2015 = 100)","7008","August","","99.388141","X","Figure from international organizations","base year is 2015"
"CP","Consumer Price Indices","642","Romania","2017","2017","23012","Consumer Prices, General Indices (2015 = 100)","7009","September","","99.878181","X","Figure from international organizations","base year is 2015"
"CP","Consumer Price Indices","642","Romania","2017","2017","23012","Consumer Prices, General Indices (2015 = 100)","7010","October","","101.158286","X","Figure from international organizations","base year is 2015"
"CP","Consumer Price Indices","642","Romania","2017","2017","23012","Consumer Prices, General Indices (2015 = 100)","7011","November","","101.81834","X","Figure from international organizations","base year is 2015"
"CP","Consumer Price Indices","642","Romania","2017","2017","23012","Consumer Prices, General Indices (2015 = 100)","7012","December","","102.148367","X","Figure from international organizations","base year is 2015"
"CP","Consumer Price Indices","642","Romania","2018","2018","23012","Consumer Prices, General Indices (2015 = 100)","7001","January","","102.948433","X","Figure from international organizations","base year is 2015"
"CP","Consumer Price Indices","642","Romania","2018","2018","23012","Consumer Prices, General Indices (2015 = 100)","7002","February","","103.248457","X","Figure from international organizations","base year is 2015"
"CP","Consumer Price Indices","642","Romania","2018","2018","23012","Consumer Prices, General Indices (2015 = 100)","7003","March","","103.548482","X","Figure from international organizations","base year is 2015"
"CP","Consumer Price Indices","642","Romania","2018","2018","23012","Consumer Prices, General Indices (2015 = 100)","7004","April","","104.108528","X","Figure from international organizations","base year is 2015"
"CP","Consumer Price Indices","642","Romania","2018","2018","23012","Consumer Prices, General Indices (2015 = 100)","7005","May","","104.598568","X","Figure from international organizations","base year is 2015"
"CP","Consumer Price Indices","642","Romania","2018","2018","23012","Consumer Prices, General Indices (2015 = 100)","7006","June","","104.618569","X","Figure from international organizations","base year is 2015"
"CP","Consumer Price Indices","642","Romania","2018","2018","23012","Consumer Prices, General Indices (2015 = 100)","7007","July","","104.118528","X","Figure from international organizations","base year is 2015"
"CP","Consumer Price Indices","642","Romania","2018","2018","23012","Consumer Prices, General Indices (2015 = 100)","7008","August","","104.418553","X","Figure from international organizations","base year is 2015"
"CP","Consumer Price Indices","642","Romania","2018","2018","23012","Consumer Prices, General Indices (2015 = 100)","7009","September","","104.908593","X","Figure from international organizations","base year is 2015"
"CP","Consumer Price Indices","642","Romania","2018","2018","23012","Consumer Prices, General Indices (2015 = 100)","7010","October","","105.448637","X","Figure from international organizations","base year is 2015"
"CP","Consumer Price Indices","642","Romania","2018","2018","23012","Consumer Prices, General Indices (2015 = 100)","7011","November","","105.308626","X","Figure from international organizations","base year is 2015"
"CP","Consumer Price Indices","642","Romania","2018","2018","23012","Consumer Prices, General Indices (2015 = 100)","7012","December","","105.488641","X","Figure from international organizations","base year is 2015"
"CP","Consumer Price Indices","642","Romania","2019","2019","23012","Consumer Prices, General Indices (2015 = 100)","7001","January","","106.368713","X","Figure from international organizations","base year is 2015"
"CP","Consumer Price Indices","642","Romania","2019","2019","23012","Consumer Prices, General Indices (2015 = 100)","7002","February","","107.198781","X","Figure from international organizations","base year is 2015"
"CP","Consumer Price Indices","642","Romania","2019","2019","23012","Consumer Prices, General Indices (2015 = 100)","7003","March","","107.728824","X","Figure from international organizations","base year is 2015"
"CP","Consumer Price Indices","642","Romania","2019","2019","23012","Consumer Prices, General Indices (2015 = 100)","7004","April","","108.388878","X","Figure from international organizations","base year is 2015"
"CP","Consumer Price Indices","642","Romania","2019","2019","23012","Consumer Prices, General Indices (2015 = 100)","7005","May","","108.888919","X","Figure from international organizations","base year is 2015"
"CP","Consumer Price Indices","642","Romania","2019","2019","23012","Consumer Prices, General Indices (2015 = 100)","7006","June","","108.628898","X","Figure from international organizations","base year is 2015"
"CP","Consumer Price Indices","642","Romania","2019","2019","23012","Consumer Prices, General Indices (2015 = 100)","7007","July","","108.40888","X","Figure from international organizations","base year is 2015"
"CP","Consumer Price Indices","642","Romania","2019","2019","23012","Consumer Prices, General Indices (2015 = 100)","7008","August","","108.478886","X","Figure from international organizations","base year is 2015"
"CP","Consumer Price Indices","642","Romania","2019","2019","23012","Consumer Prices, General Indices (2015 = 100)","7009","September","","108.568893","X","Figure from international organizations","base year is 2015"
"CP","Consumer Price Indices","642","Romania","2019","2019","23012","Consumer Prices, General Indices (2015 = 100)","7010","October","","109.038931","X","Figure from international organizations","base year is 2015"
"CP","Consumer Price Indices","642","Romania","2019","2019","23012","Consumer Prices, General Indices (2015 = 100)","7011","November","","109.278951","X","Figure from international organizations","base year is 2015"
"CP","Consumer Price Indices","642","Romania","2019","2019","23012","Consumer Prices, General Indices (2015 = 100)","7012","December","","109.738989","X","Figure from international organizations","base year is 2015"
"CP","Consumer Price Indices","642","Romania","2020","2020","23012","Consumer Prices, General Indices (2015 = 100)","7001","January","","110.189026","X","Figure from international organizations","base year is 2015"
"CP","Consumer Price Indices","642","Romania","2020","2020","23012","Consumer Prices, General Indices (2015 = 100)","7002","February","","110.469049","X","Figure from international organizations","base year is 2015"
"CP","Consumer Price Indices","642","Romania","2020","2020","23012","Consumer Prices, General Indices (2015 = 100)","7003","March","","111.019094","X","Figure from international organizations","base year is 2015"
"CP","Consumer Price Indices","642","Romania","2020","2020","23012","Consumer Prices, General Indices (2015 = 100)","7004","April","","111.299117","X","Figure from international organizations","base year is 2015"
"CP","Consumer Price Indices","642","Romania","2020","2020","23012","Consumer Prices, General Indices (2015 = 100)","7005","May","","111.349121","X","Figure from international organizations","base year is 2015"
"CP","Consumer Price Indices","642","Romania","2020","2020","23012","Consumer Prices, General Indices (2015 = 100)","7006","June","","111.439128","X","Figure from international organizations","base year is 2015"
"CP","Consumer Price Indices","642","Romania","2020","2020","23012","Consumer Prices, General Indices (2015 = 100)","7007","July","","111.449129","X","Figure from international organizations","base year is 2015"
"CP","Consumer Price Indices","642","Romania","2020","2020","23012","Consumer Prices, General Indices (2015 = 100)","7008","August","","111.389124","X","Figure from international organizations","base year is 2015"
"CP","Consumer Price Indices","642","Romania","2020","2020","23012","Consumer Prices, General Indices (2015 = 100)","7009","September","","111.229111","X","Figure from international organizations","base year is 2015"
"CP","Consumer Price Indices","642","Romania","2020","2020","23012","Consumer Prices, General Indices (2015 = 100)","7010","October","","111.479131","X","Figure from international organizations","base year is 2015"
"CP","Consumer Price Indices","642","Romania","2020","2020","23012","Consumer Prices, General Indices (2015 = 100)","7011","November","","111.619143","X","Figure from international organizations","base year is 2015"
"CP","Consumer Price Indices","642","Romania","2020","2020","23012","Consumer Prices, General Indices (2015 = 100)","7012","December","","112.009175","X","Figure from international organizations","base year is 2015"
"CP","Consumer Price Indices","642","Romania","2010","2010","23014","Food price inflation","7001","January","%","0.100917","E","Estimated value",""
"CP","Consumer Price Indices","642","Romania","2010","2010","23014","Food price inflation","7002","February","%","0.022316","E","Estimated value",""
"CP","Consumer Price Indices","642","Romania","2010","2010","23014","Food price inflation","7003","March","%","-0.194052","E","Estimated value",""
"CP","Consumer Price Indices","642","Romania","2010","2010","23014","Food price inflation","7004","April","%","-0.203777","E","Estimated value",""
"CP","Consumer Price Indices","642","Romania","2010","2010","23014","Food price inflation","7005","May","%","-0.243663","E","Estimated value",""
"CP","Consumer Price Indices","642","Romania","2010","2010","23014","Food price inflation","7006","June","%","-0.125768","E","Estimated value",""
"CP","Consumer Price Indices","642","Romania","2010","2010","23014","Food price inflation","7007","July","%","2.303676","E","Estimated value",""
"CP","Consumer Price Indices","642","Romania","2010","2010","23014","Food price inflation","7008","August","%","3.795177","E","Estimated value",""
"CP","Consumer Price Indices","642","Romania","2010","2010","23014","Food price inflation","7009","September","%","4.809717","E","Estimated value",""
"CP","Consumer Price Indices","642","Romania","2010","2010","23014","Food price inflation","7010","October","%","5.518392","E","Estimated value",""
"CP","Consumer Price Indices","642","Romania","2010","2010","23014","Food price inflation","7011","November","%","6.009066","E","Estimated value",""
"CP","Consumer Price Indices","642","Romania","2010","2010","23014","Food price inflation","7012","December","%","6.45","E","Estimated value",""
"CP","Consumer Price Indices","642","Romania","2011","2011","23014","Food price inflation","7001","January","%","7.202559","E","Estimated value",""
"CP","Consumer Price Indices","642","Romania","2011","2011","23014","Food price inflation","7002","February","%","8.829184","E","Estimated value",""
"CP","Consumer Price Indices","642","Romania","2011","2011","23014","Food price inflation","7003","March","%","9.912475","E","Estimated value",""
"CP","Consumer Price Indices","642","Romania","2011","2011","23014","Food price inflation","7004","April","%","10.903887","E","Estimated value",""
"CP","Consumer Price Indices","642","Romania","2011","2011","23014","Food price inflation","7005","May","%","11.235338","E","Estimated value",""
"CP","Consumer Price Indices","642","Romania","2011","2011","23014","Food price inflation","7006","June","%","9.811245","E","Estimated value",""
"CP","Consumer Price Indices","642","Romania","2011","2011","23014","Food price inflation","7007","July","%","5.641046","E","Estimated value",""
"CP","Consumer Price Indices","642","Romania","2011","2011","23014","Food price inflation","7008","August","%","3.774027","E","Estimated value",""
"CP","Consumer Price Indices","642","Romania","2011","2011","23014","Food price inflation","7009","September","%","1.715245","E","Estimated value",""
"CP","Consumer Price Indices","642","Romania","2011","2011","23014","Food price inflation","7010","October","%","1.69314","E","Estimated value",""
"CP","Consumer Price Indices","642","Romania","2011","2011","23014","Food price inflation","7011","November","%","1.351685","E","Estimated value",""
"CP","Consumer Price Indices","642","Romania","2011","2011","23014","Food price inflation","7012","December","%","0.95","E","Estimated value",""
"CP","Consumer Price Indices","642","Romania","2012","2012","23014","Food price inflation","7001","January","%","0.13154","E","Estimated value",""
"CP","Consumer Price Indices","642","Romania","2012","2012","23014","Food price inflation","7002","February","%","-0.413394","E","Estimated value",""
"CP","Consumer Price Indices","642","Romania","2012","2012","23014","Food price inflation","7003","March","%","-0.930935","E","Estimated value",""
"CP","Consumer Price Indices","642","Romania","2012","2012","23014","Food price inflation","7004","April","%","-1.941697","E","Estimated value",""
"CP","Consumer Price Indices","642","Romania","2012","2012","23014","Food price inflation","7005","May","%","-2.127393","E","Estimated value",""
"CP","Consumer Price Indices","642","Romania","2012","2012","23014","Food price inflation","7006","June","%","-0.925383","E","Estimated value",""
"CP","Consumer Price Indices","642","Romania","2012","2012","23014","Food price inflation","7007","July","%","1.187856","E","Estimated value",""
"CP","Consumer Price Indices","642","Romania","2012","2012","23014","Food price inflation","7008","August","%","3.301882","E","Estimated value",""
"CP","Consumer Price Indices","642","Romania","2012","2012","23014","Food price inflation","7009","September","%","6.910373","E","Estimated value",""
"CP","Consumer Price Indices","642","Romania","2012","2012","23014","Food price inflation","7010","October","%","6.146327","E","Estimated value",""
"CP","Consumer Price Indices","642","Romania","2012","2012","23014","Food price inflation","7011","November","%","5.887608","E","Estimated value",""
"CP","Consumer Price Indices","642","Romania","2012","2012","23014","Food price inflation","7012","December","%","6.21","E","Estimated value",""
"CP","Consumer Price Indices","642","Romania","2013","2013","23014","Food price inflation","7001","January","%","7.184015","E","Estimated value",""
"CP","Consumer Price Indices","642","Romania","2013","2013","23014","Food price inflation","7002","February","%","6.21","E","Estimated value",""
"CP","Consumer Price Indices","642","Romania","2013","2013","23014","Food price inflation","7003","March","%","5.461603","E","Estimated value",""
"CP","Consumer Price Indices","642","Romania","2013","2013","23014","Food price inflation","7004","April","%","5.596069","E","Estimated value",""
"CP","Consumer Price Indices","642","Romania","2013","2013","23014","Food price inflation","7005","May","%","6.386861","E","Estimated value",""
"CP","Consumer Price Indices","642","Romania","2013","2013","23014","Food price inflation","7006","June","%","5.751659","E","Estimated value",""
"CP","Consumer Price Indices","642","Romania","2013","2013","23014","Food price inflation","7007","July","%","3.900635","E","Estimated value",""
"CP","Consumer Price Indices","642","Romania","2013","2013","23014","Food price inflation","7008","August","%","2.376189","E","Estimated value",""
"CP","Consumer Price Indices","642","Romania","2013","2013","23014","Food price inflation","7009","September","%","-1.722152","E","Estimated value",""
"CP","Consumer Price Indices","642","Romania","2013","2013","23014","Food price inflation","7010","October","%","-1.331718","E","Estimated value",""
"CP","Consumer Price Indices","642","Romania","2013","2013","23014","Food price inflation","7011","November","%","-1.772611","E","Estimated value",""
"CP","Consumer Price Indices","642","Romania","2013","2013","23014","Food price inflation","7012","December","%","-1.81","E","Estimated value",""
"CP","Consumer Price Indices","642","Romania","2014","2014","23014","Food price inflation","7001","January","%","-2.178552","E","Estimated value",""
"CP","Consumer Price Indices","642","Romania","2014","2014","23014","Food price inflation","7002","February","%","-2.167828","E","Estimated value",""
"CP","Consumer Price Indices","642","Romania","2014","2014","23014","Food price inflation","7003","March","%","-2.216464","E","Estimated value",""
"CP","Consumer Price Indices","642","Romania","2014","2014","23014","Food price inflation","7004","April","%","-2.29379","E","Estimated value",""
"CP","Consumer Price Indices","642","Romania","2014","2014","23014","Food price inflation","7005","May","%","-3.154279","E","Estimated value",""
"CP","Consumer Price Indices","642","Romania","2014","2014","23014","Food price inflation","7006","June","%","-3.17375","E","Estimated value",""
"CP","Consumer Price Indices","642","Romania","2014","2014","23014","Food price inflation","7007","July","%","-1.878816","E","Estimated value",""
"CP","Consumer Price Indices","642","Romania","2014","2014","23014","Food price inflation","7008","August","%","-1.968579","E","Estimated value",""
"CP","Consumer Price Indices","642","Romania","2014","2014","23014","Food price inflation","7009","September","%","0.027403","E","Estimated value",""
"CP","Consumer Price Indices","642","Romania","2014","2014","23014","Food price inflation","7010","October","%","0.088896","E","Estimated value",""
"CP","Consumer Price Indices","642","Romania","2014","2014","23014","Food price inflation","7011","November","%","-0.028935","E","Estimated value",""
"CP","Consumer Price Indices","642","Romania","2014","2014","23014","Food price inflation","7012","December","%","-0.41","E","Estimated value",""
"CP","Consumer Price Indices","642","Romania","2015","2015","23014","Food price inflation","7001","January","%","-0.696348","E","Estimated value",""
"CP","Consumer Price Indices","642","Romania","2015","2015","23014","Food price inflation","7002","February","%","-0.469069","E","Estimated value",""
"CP","Consumer Price Indices","642","Romania","2015","2015","23014","Food price inflation","7003","March","%","-0.065023","E","Estimated value",""
"CP","Consumer Price Indices","642","Romania","2015","2015","23014","Food price inflation","7004","April","%","0.319814","E","Estimated value",""
"CP","Consumer Price Indices","642","Romania","2015","2015","23014","Food price inflation","7005","May","%","1.189601","E","Estimated value",""
"CP","Consumer Price Indices","642","Romania","2015","2015","23014","Food price inflation","7006","June","%","-6.438523","E","Estimated value",""
"CP","Consumer Price Indices","642","Romania","2015","2015","23014","Food price inflation","7007","July","%","-7.254879","E","Estimated value",""
"CP","Consumer Price Indices","642","Romania","2015","2015","23014","Food price inflation","7008","August","%","-7.145993","E","Estimated value",""
"CP","Consumer Price Indices","642","Romania","2015","2015","23014","Food price inflation","7009","September","%","-6.471039","E","Estimated value",""
"CP","Consumer Price Indices","642","Romania","2015","2015","23014","Food price inflation","7010","October","%","-6.508163","E","Estimated value",""
"CP","Consumer Price Indices","642","Romania","2015","2015","23014","Food price inflation","7011","November","%","-6.193939","E","Estimated value",""
"CP","Consumer Price Indices","642","Romania","2015","2015","23014","Food price inflation","7012","December","%","-6.2","E","Estimated value",""
"CP","Consumer Price Indices","642","Romania","2016","2016","23014","Food price inflation","7001","January","%","-6.293268","E","Estimated value",""
"CP","Consumer Price Indices","642","Romania","2016","2016","23014","Food price inflation","7002","February","%","-6.46906","E","Estimated value",""
"CP","Consumer Price Indices","642","Romania","2016","2016","23014","Food price inflation","7003","March","%","-6.745833","E","Estimated value",""
"CP","Consumer Price Indices","642","Romania","2016","2016","23014","Food price inflation","7004","April","%","-7.38956","E","Estimated value",""
"CP","Consumer Price Indices","642","Romania","2016","2016","23014","Food price inflation","7005","May","%","-7.572951","E","Estimated value",""
"CP","Consumer Price Indices","642","Romania","2016","2016","23014","Food price inflation","7006","June","%","0.023413","E","Estimated value",""
"CP","Consumer Price Indices","642","Romania","2016","2016","23014","Food price inflation","7007","July","%","1.247488","E","Estimated value",""
"CP","Consumer Price Indices","642","Romania","2016","2016","23014","Food price inflation","7008","August","%","1.957406","E","Estimated value",""
"CP","Consumer Price Indices","642","Romania","2016","2016","23014","Food price inflation","7009","September","%","0.463278","E","Estimated value",""
"CP","Consumer Price Indices","642","Romania","2016","2016","23014","Food price inflation","7010","October","%","0.48997","E","Estimated value",""
"CP","Consumer Price Indices","642","Romania","2016","2016","23014","Food price inflation","7011","November","%","0.65608","E","Estimated value",""
"CP","Consumer Price Indices","642","Romania","2016","2016","23014","Food price inflation","7012","December","%","0.68","E","Estimated value",""
"CP","Consumer Price Indices","642","Romania","2017","2017","23014","Food price inflation","7001","January","%","1.12092","E","Estimated value",""
"CP","Consumer Price Indices","642","Romania","2017","2017","23014","Food price inflation","7002","February","%","1.43902","E","Estimated value",""
"CP","Consumer Price Indices","642","Romania","2017","2017","23014","Food price inflation","7003","March","%","1.67881","E","Estimated value",""
"CP","Consumer Price Indices","642","Romania","2017","2017","23014","Food price inflation","7004","April","%","2.243883","E","Estimated value",""
"CP","Consumer Price Indices","642","Romania","2017","2017","23014","Food price inflation","7005","May","%","2.305157","E","Estimated value",""
"CP","Consumer Price Indices","642","Romania","2017","2017","23014","Food price inflation","7006","June","%","2.828322","E","Estimated value",""
"CP","Consumer Price Indices","642","Romania","2017","2017","23014","Food price inflation","7007","July","%","2.38593","E","Estimated value",""
"CP","Consumer Price Indices","642","Romania","2017","2017","23014","Food price inflation","7008","August","%","1.593994","E","Estimated value",""
"CP","Consumer Price Indices","642","Romania","2017","2017","23014","Food price inflation","7009","September","%","2.740879","E","Estimated value",""
"CP","Consumer Price Indices","642","Romania","2017","2017","23014","Food price inflation","7010","October","%","3.523841","E","Estimated value",""
"CP","Consumer Price Indices","642","Romania","2017","2017","23014","Food price inflation","7011","November","%","3.878259","E","Estimated value",""
"CP","Consumer Price Indices","642","Romania","2017","2017","23014","Food price inflation","7012","December","%","4.07","E","Estimated value",""
"CP","Consumer Price Indices","642","Romania","2018","2018","23014","Food price inflation","7001","January","%","3.791545","E","Estimated value",""
"CP","Consumer Price Indices","642","Romania","2018","2018","23014","Food price inflation","7002","February","%","3.742124","E","Estimated value",""
"CP","Consumer Price Indices","642","Romania","2018","2018","23014","Food price inflation","7003","March","%","4.008662","E","Estimated value",""
"CP","Consumer Price Indices","642","Romania","2018","2018","23014","Food price inflation","7004","April","%","3.998572","E","Estimated value",""
"CP","Consumer Price Indices","642","Romania","2018","2018","23014","Food price inflation","7005","May","%","3.928008","E","Estimated value",""
"CP","Consumer Price Indices","642","Romania","2018","2018","23014","Food price inflation","7006","June","%","3.856638","E","Estimated value",""
"CP","Consumer Price Indices","642","Romania","2018","2018","23014","Food price inflation","7007","July","%","3.427404","E","Estimated value",""
"CP","Consumer Price Indices","642","Romania","2018","2018","23014","Food price inflation","7008","August","%","4.152309","E","Estimated value",""
"CP","Consumer Price Indices","642","Romania","2018","2018","23014","Food price inflation","7009","September","%","4.448622","E","Estimated value",""
"CP","Consumer Price Indices","642","Romania","2018","2018","23014","Food price inflation","7010","October","%","3.736637","E","Estimated value",""
"CP","Consumer Price Indices","642","Romania","2018","2018","23014","Food price inflation","7011","November","%","2.864672","E","Estimated value",""
"CP","Consumer Price Indices","642","Romania","2018","2018","23014","Food price inflation","7012","December","%","3.1","E","Estimated value",""
"CP","Consumer Price Indices","642","Romania","2019","2019","23014","Food price inflation","7001","January","%","3.776133","E","Estimated value",""
"CP","Consumer Price Indices","642","Romania","2019","2019","23014","Food price inflation","7002","February","%","4.464484","E","Estimated value",""
"CP","Consumer Price Indices","642","Romania","2019","2019","23014","Food price inflation","7003","March","%","4.457912","E","Estimated value",""
"CP","Consumer Price Indices","642","Romania","2019","2019","23014","Food price inflation","7004","April","%","4.981535","E","Estimated value",""
"CP","Consumer Price Indices","642","Romania","2019","2019","23014","Food price inflation","7005","May","%","5.243096","E","Estimated value",""
"CP","Consumer Price Indices","642","Romania","2019","2019","23014","Food price inflation","7006","June","%","5.006271","E","Estimated value",""
"CP","Consumer Price Indices","642","Romania","2019","2019","23014","Food price inflation","7007","July","%","5.153866","E","Estimated value",""
"CP","Consumer Price Indices","642","Romania","2019","2019","23014","Food price inflation","7008","August","%","5.024914","E","Estimated value",""
"CP","Consumer Price Indices","642","Romania","2019","2019","23014","Food price inflation","7009","September","%","4.069687","E","Estimated value",""
"CP","Consumer Price Indices","642","Romania","2019","2019","23014","Food price inflation","7010","October","%","4.164232","E","Estimated value",""
"CP","Consumer Price Indices","642","Romania","2019","2019","23014","Food price inflation","7011","November","%","4.90206","E","Estimated value",""
"CP","Consumer Price Indices","642","Romania","2019","2019","23014","Food price inflation","7012","December","%","5.08","E","Estimated value",""
"CP","Consumer Price Indices","642","Romania","2020","2020","23014","Food price inflation","7001","January","%","4.758432","E","Estimated value",""
"CP","Consumer Price Indices","642","Romania","2020","2020","23014","Food price inflation","7002","February","%","4.096699","E","Estimated value",""
"CP","Consumer Price Indices","642","Romania","2020","2020","23014","Food price inflation","7003","March","%","5.110582","E","Estimated value",""
"CP","Consumer Price Indices","642","Romania","2020","2020","23014","Food price inflation","7004","April","%","5.728017","E","Estimated value",""
"CP","Consumer Price Indices","642","Romania","2020","2020","23014","Food price inflation","7005","May","%","5.260826","E","Estimated value",""
"CP","Consumer Price Indices","642","Romania","2020","2020","23014","Food price inflation","7006","June","%","5.352516","E","Estimated value",""
"CP","Consumer Price Indices","642","Romania","2020","2020","23014","Food price inflation","7007","July","%","5.577865","E","Estimated value",""
"CP","Consumer Price Indices","642","Romania","2020","2020","23014","Food price inflation","7008","August","%","5.446843","E","Estimated value",""
"CP","Consumer Price Indices","642","Romania","2020","2020","23014","Food price inflation","7009","September","%","4.957612","E","Estimated value",""
"CP","Consumer Price Indices","642","Romania","2020","2020","23014","Food price inflation","7010","October","%","4.340642","E","Estimated value",""
"CP","Consumer Price Indices","642","Romania","2020","2020","23014","Food price inflation","7011","November","%","3.809359","E","Estimated value",""
"CP","Consumer Price Indices","642","Romania","2020","2020","23014","Food price inflation","7012","December","%","3.24","E","Estimated value",""
