Rainfall - (MM), Year, Statistics, Country, ISO3
53.4,1901, Jan Average, Romania, ROU
46.4,1901, Feb Average, Romania, ROU
50.8,1901, Mar Average, Romania, ROU
64.6,1901, Apr Average, Romania, ROU
36.2,1901, May Average, Romania, ROU
137.4,1901, Jun Average, Romania, ROU
90.8,1901, Jul Average, Romania, ROU
107.1,1901, Aug Average, Romania, ROU
30,1901, Sep Average, Romania, ROU
73.7,1901, Oct Average, Romania, ROU
20.6,1901, Nov Average, Romania, ROU
43.6,1901, Dec Average, Romania, ROU
27.5,1902, Jan Average, Romania, ROU
32.2,1902, Feb Average, Romania, ROU
40.8,1902, Mar Average, Romania, ROU
46.1,1902, Apr Average, Romania, ROU
87.1,1902, May Average, Romania, ROU
103.2,1902, Jun Average, Romania, ROU
68.2,1902, Jul Average, Romania, ROU
81,1902, Aug Average, Romania, ROU
38.2,1902, Sep Average, Romania, ROU
60.5,1902, Oct Average, Romania, ROU
6,1902, Nov Average, Romania, ROU
62,1902, Dec Average, Romania, ROU
25.8,1903, Jan Average, Romania, ROU
20.3,1903, Feb Average, Romania, ROU
14.6,1903, Mar Average, Romania, ROU
74.6,1903, Apr Average, Romania, ROU
75.4,1903, May Average, Romania, ROU
101,1903, Jun Average, Romania, ROU
80.8,1903, Jul Average, Romania, ROU
40.8,1903, Aug Average, Romania, ROU
14,1903, Sep Average, Romania, ROU
50.2,1903, Oct Average, Romania, ROU
30.9,1903, Nov Average, Romania, ROU
22.9,1903, Dec Average, Romania, ROU
17.3,1904, Jan Average, Romania, ROU
47.1,1904, Feb Average, Romania, ROU
26.1,1904, Mar Average, Romania, ROU
20.1,1904, Apr Average, Romania, ROU
43.5,1904, May Average, Romania, ROU
68.5,1904, Jun Average, Romania, ROU
35.7,1904, Jul Average, Romania, ROU
58.4,1904, Aug Average, Romania, ROU
96.6,1904, Sep Average, Romania, ROU
50.3,1904, Oct Average, Romania, ROU
52,1904, Nov Average, Romania, ROU
21.1,1904, Dec Average, Romania, ROU
25.7,1905, Jan Average, Romania, ROU
29.8,1905, Feb Average, Romania, ROU
14.9,1905, Mar Average, Romania, ROU
65.3,1905, Apr Average, Romania, ROU
63.4,1905, May Average, Romania, ROU
102.1,1905, Jun Average, Romania, ROU
53.5,1905, Jul Average, Romania, ROU
38.1,1905, Aug Average, Romania, ROU
50.9,1905, Sep Average, Romania, ROU
112,1905, Oct Average, Romania, ROU
42.6,1905, Nov Average, Romania, ROU
27.5,1905, Dec Average, Romania, ROU
32.2,1906, Jan Average, Romania, ROU
22.8,1906, Feb Average, Romania, ROU
43,1906, Mar Average, Romania, ROU
45.5,1906, Apr Average, Romania, ROU
108.8,1906, May Average, Romania, ROU
108.2,1906, Jun Average, Romania, ROU
82.7,1906, Jul Average, Romania, ROU
72.4,1906, Aug Average, Romania, ROU
58.9,1906, Sep Average, Romania, ROU
30.1,1906, Oct Average, Romania, ROU
44.5,1906, Nov Average, Romania, ROU
60.6,1906, Dec Average, Romania, ROU
30,1907, Jan Average, Romania, ROU
31.4,1907, Feb Average, Romania, ROU
46.1,1907, Mar Average, Romania, ROU
43.8,1907, Apr Average, Romania, ROU
41,1907, May Average, Romania, ROU
99,1907, Jun Average, Romania, ROU
67.4,1907, Jul Average, Romania, ROU
23.9,1907, Aug Average, Romania, ROU
29.9,1907, Sep Average, Romania, ROU
8.7,1907, Oct Average, Romania, ROU
42.2,1907, Nov Average, Romania, ROU
38.2,1907, Dec Average, Romania, ROU
29.1,1908, Jan Average, Romania, ROU
51.4,1908, Feb Average, Romania, ROU
22,1908, Mar Average, Romania, ROU
53.6,1908, Apr Average, Romania, ROU
35.9,1908, May Average, Romania, ROU
73.5,1908, Jun Average, Romania, ROU
110.9,1908, Jul Average, Romania, ROU
59.9,1908, Aug Average, Romania, ROU
53.3,1908, Sep Average, Romania, ROU
33.8,1908, Oct Average, Romania, ROU
55.6,1908, Nov Average, Romania, ROU
28.1,1908, Dec Average, Romania, ROU
37.5,1909, Jan Average, Romania, ROU
40,1909, Feb Average, Romania, ROU
46.2,1909, Mar Average, Romania, ROU
31.6,1909, Apr Average, Romania, ROU
64.8,1909, May Average, Romania, ROU
100.4,1909, Jun Average, Romania, ROU
59.9,1909, Jul Average, Romania, ROU
50.1,1909, Aug Average, Romania, ROU
91.6,1909, Sep Average, Romania, ROU
27.5,1909, Oct Average, Romania, ROU
45.5,1909, Nov Average, Romania, ROU
45.7,1909, Dec Average, Romania, ROU
46.4,1910, Jan Average, Romania, ROU
32.5,1910, Feb Average, Romania, ROU
11.8,1910, Mar Average, Romania, ROU
61.4,1910, Apr Average, Romania, ROU
61.5,1910, May Average, Romania, ROU
87.3,1910, Jun Average, Romania, ROU
98.6,1910, Jul Average, Romania, ROU
62.1,1910, Aug Average, Romania, ROU
34.9,1910, Sep Average, Romania, ROU
57.5,1910, Oct Average, Romania, ROU
70.1,1910, Nov Average, Romania, ROU
25.4,1910, Dec Average, Romania, ROU
32,1911, Jan Average, Romania, ROU
28.1,1911, Feb Average, Romania, ROU
22,1911, Mar Average, Romania, ROU
54.5,1911, Apr Average, Romania, ROU
62.4,1911, May Average, Romania, ROU
101.9,1911, Jun Average, Romania, ROU
64.1,1911, Jul Average, Romania, ROU
76.2,1911, Aug Average, Romania, ROU
56,1911, Sep Average, Romania, ROU
28,1911, Oct Average, Romania, ROU
22.6,1911, Nov Average, Romania, ROU
44,1911, Dec Average, Romania, ROU
53.5,1912, Jan Average, Romania, ROU
41.1,1912, Feb Average, Romania, ROU
49.4,1912, Mar Average, Romania, ROU
62.3,1912, Apr Average, Romania, ROU
96.8,1912, May Average, Romania, ROU
66.4,1912, Jun Average, Romania, ROU
90.1,1912, Jul Average, Romania, ROU
82,1912, Aug Average, Romania, ROU
129.1,1912, Sep Average, Romania, ROU
61.6,1912, Oct Average, Romania, ROU
67.9,1912, Nov Average, Romania, ROU
30.5,1912, Dec Average, Romania, ROU
30.8,1913, Jan Average, Romania, ROU
10,1913, Feb Average, Romania, ROU
21.4,1913, Mar Average, Romania, ROU
41.6,1913, Apr Average, Romania, ROU
84.4,1913, May Average, Romania, ROU
105.3,1913, Jun Average, Romania, ROU
103.7,1913, Jul Average, Romania, ROU
96.6,1913, Aug Average, Romania, ROU
68.2,1913, Sep Average, Romania, ROU
12.3,1913, Oct Average, Romania, ROU
48.2,1913, Nov Average, Romania, ROU
28.5,1913, Dec Average, Romania, ROU
42.7,1914, Jan Average, Romania, ROU
8.9,1914, Feb Average, Romania, ROU
74.7,1914, Mar Average, Romania, ROU
39.2,1914, Apr Average, Romania, ROU
103.5,1914, May Average, Romania, ROU
127.5,1914, Jun Average, Romania, ROU
107,1914, Jul Average, Romania, ROU
59.9,1914, Aug Average, Romania, ROU
74.3,1914, Sep Average, Romania, ROU
65.9,1914, Oct Average, Romania, ROU
20.3,1914, Nov Average, Romania, ROU
25.4,1914, Dec Average, Romania, ROU
56.4,1915, Jan Average, Romania, ROU
24.9,1915, Feb Average, Romania, ROU
74.5,1915, Mar Average, Romania, ROU
55.7,1915, Apr Average, Romania, ROU
95.1,1915, May Average, Romania, ROU
82.7,1915, Jun Average, Romania, ROU
123,1915, Jul Average, Romania, ROU
79,1915, Aug Average, Romania, ROU
41.8,1915, Sep Average, Romania, ROU
80.6,1915, Oct Average, Romania, ROU
49.7,1915, Nov Average, Romania, ROU
31.2,1915, Dec Average, Romania, ROU
35.3,1916, Jan Average, Romania, ROU
44.5,1916, Feb Average, Romania, ROU
38.9,1916, Mar Average, Romania, ROU
53.7,1916, Apr Average, Romania, ROU
98.1,1916, May Average, Romania, ROU
63.2,1916, Jun Average, Romania, ROU
89.7,1916, Jul Average, Romania, ROU
46.4,1916, Aug Average, Romania, ROU
33.1,1916, Sep Average, Romania, ROU
69.3,1916, Oct Average, Romania, ROU
36.7,1916, Nov Average, Romania, ROU
38,1916, Dec Average, Romania, ROU
60.8,1917, Jan Average, Romania, ROU
24.4,1917, Feb Average, Romania, ROU
47.8,1917, Mar Average, Romania, ROU
53.1,1917, Apr Average, Romania, ROU
37.3,1917, May Average, Romania, ROU
69.3,1917, Jun Average, Romania, ROU
57.3,1917, Jul Average, Romania, ROU
48.4,1917, Aug Average, Romania, ROU
22.1,1917, Sep Average, Romania, ROU
46.7,1917, Oct Average, Romania, ROU
37.2,1917, Nov Average, Romania, ROU
23.8,1917, Dec Average, Romania, ROU
23.4,1918, Jan Average, Romania, ROU
23.7,1918, Feb Average, Romania, ROU
18.2,1918, Mar Average, Romania, ROU
20.6,1918, Apr Average, Romania, ROU
52.4,1918, May Average, Romania, ROU
81.4,1918, Jun Average, Romania, ROU
99.9,1918, Jul Average, Romania, ROU
78,1918, Aug Average, Romania, ROU
26.8,1918, Sep Average, Romania, ROU
90.3,1918, Oct Average, Romania, ROU
71.7,1918, Nov Average, Romania, ROU
50.8,1918, Dec Average, Romania, ROU
30.9,1919, Jan Average, Romania, ROU
29.8,1919, Feb Average, Romania, ROU
48.2,1919, Mar Average, Romania, ROU
67.1,1919, Apr Average, Romania, ROU
100.6,1919, May Average, Romania, ROU
84,1919, Jun Average, Romania, ROU
105.5,1919, Jul Average, Romania, ROU
60.5,1919, Aug Average, Romania, ROU
34,1919, Sep Average, Romania, ROU
82.7,1919, Oct Average, Romania, ROU
51.1,1919, Nov Average, Romania, ROU
45.5,1919, Dec Average, Romania, ROU
51.5,1920, Jan Average, Romania, ROU
34.2,1920, Feb Average, Romania, ROU
44.9,1920, Mar Average, Romania, ROU
38.9,1920, Apr Average, Romania, ROU
76.2,1920, May Average, Romania, ROU
119.4,1920, Jun Average, Romania, ROU
74.2,1920, Jul Average, Romania, ROU
59.6,1920, Aug Average, Romania, ROU
49.3,1920, Sep Average, Romania, ROU
26.1,1920, Oct Average, Romania, ROU
35,1920, Nov Average, Romania, ROU
26.2,1920, Dec Average, Romania, ROU
34.2,1921, Jan Average, Romania, ROU
42.2,1921, Feb Average, Romania, ROU
9.6,1921, Mar Average, Romania, ROU
40.7,1921, Apr Average, Romania, ROU
76.5,1921, May Average, Romania, ROU
86.3,1921, Jun Average, Romania, ROU
54.3,1921, Jul Average, Romania, ROU
51.6,1921, Aug Average, Romania, ROU
30.2,1921, Sep Average, Romania, ROU
19.6,1921, Oct Average, Romania, ROU
64.5,1921, Nov Average, Romania, ROU
40.8,1921, Dec Average, Romania, ROU
60.3,1922, Jan Average, Romania, ROU
33.7,1922, Feb Average, Romania, ROU
39.2,1922, Mar Average, Romania, ROU
72.7,1922, Apr Average, Romania, ROU
88.5,1922, May Average, Romania, ROU
116.2,1922, Jun Average, Romania, ROU
33.3,1922, Jul Average, Romania, ROU
44.8,1922, Aug Average, Romania, ROU
78.6,1922, Sep Average, Romania, ROU
103.9,1922, Oct Average, Romania, ROU
58.1,1922, Nov Average, Romania, ROU
23.8,1922, Dec Average, Romania, ROU
57.2,1923, Jan Average, Romania, ROU
46.8,1923, Feb Average, Romania, ROU
47.9,1923, Mar Average, Romania, ROU
46.1,1923, Apr Average, Romania, ROU
50.2,1923, May Average, Romania, ROU
95.7,1923, Jun Average, Romania, ROU
63.9,1923, Jul Average, Romania, ROU
27.9,1923, Aug Average, Romania, ROU
34.7,1923, Sep Average, Romania, ROU
29.4,1923, Oct Average, Romania, ROU
39,1923, Nov Average, Romania, ROU
65.8,1923, Dec Average, Romania, ROU
22.7,1924, Jan Average, Romania, ROU
42.3,1924, Feb Average, Romania, ROU
34.6,1924, Mar Average, Romania, ROU
81.1,1924, Apr Average, Romania, ROU
43.4,1924, May Average, Romania, ROU
105.3,1924, Jun Average, Romania, ROU
65.3,1924, Jul Average, Romania, ROU
76.1,1924, Aug Average, Romania, ROU
53,1924, Sep Average, Romania, ROU
33.6,1924, Oct Average, Romania, ROU
50,1924, Nov Average, Romania, ROU
10.3,1924, Dec Average, Romania, ROU
14.1,1925, Jan Average, Romania, ROU
29.7,1925, Feb Average, Romania, ROU
32.6,1925, Mar Average, Romania, ROU
47.1,1925, Apr Average, Romania, ROU
68.3,1925, May Average, Romania, ROU
99.1,1925, Jun Average, Romania, ROU
97.2,1925, Jul Average, Romania, ROU
77.5,1925, Aug Average, Romania, ROU
79,1925, Sep Average, Romania, ROU
24.5,1925, Oct Average, Romania, ROU
62.4,1925, Nov Average, Romania, ROU
69.1,1925, Dec Average, Romania, ROU
42.3,1926, Jan Average, Romania, ROU
24.7,1926, Feb Average, Romania, ROU
32.5,1926, Mar Average, Romania, ROU
33.5,1926, Apr Average, Romania, ROU
100.6,1926, May Average, Romania, ROU
109.3,1926, Jun Average, Romania, ROU
106.6,1926, Jul Average, Romania, ROU
71.1,1926, Aug Average, Romania, ROU
25.8,1926, Sep Average, Romania, ROU
39.6,1926, Oct Average, Romania, ROU
5.5,1926, Nov Average, Romania, ROU
50.1,1926, Dec Average, Romania, ROU
43.4,1927, Jan Average, Romania, ROU
19.4,1927, Feb Average, Romania, ROU
30,1927, Mar Average, Romania, ROU
43.7,1927, Apr Average, Romania, ROU
81.7,1927, May Average, Romania, ROU
56,1927, Jun Average, Romania, ROU
61.1,1927, Jul Average, Romania, ROU
100.1,1927, Aug Average, Romania, ROU
54.7,1927, Sep Average, Romania, ROU
45.5,1927, Oct Average, Romania, ROU
42.3,1927, Nov Average, Romania, ROU
46.2,1927, Dec Average, Romania, ROU
21.9,1928, Jan Average, Romania, ROU
29.7,1928, Feb Average, Romania, ROU
18,1928, Mar Average, Romania, ROU
46.5,1928, Apr Average, Romania, ROU
93.4,1928, May Average, Romania, ROU
89.2,1928, Jun Average, Romania, ROU
20,1928, Jul Average, Romania, ROU
66,1928, Aug Average, Romania, ROU
56.5,1928, Sep Average, Romania, ROU
42.5,1928, Oct Average, Romania, ROU
51.6,1928, Nov Average, Romania, ROU
44.3,1928, Dec Average, Romania, ROU
49.5,1929, Jan Average, Romania, ROU
21.2,1929, Feb Average, Romania, ROU
16.5,1929, Mar Average, Romania, ROU
64.5,1929, Apr Average, Romania, ROU
65.7,1929, May Average, Romania, ROU
84.6,1929, Jun Average, Romania, ROU
62,1929, Jul Average, Romania, ROU
72.6,1929, Aug Average, Romania, ROU
29.8,1929, Sep Average, Romania, ROU
45.1,1929, Oct Average, Romania, ROU
36.7,1929, Nov Average, Romania, ROU
30.2,1929, Dec Average, Romania, ROU
13.4,1930, Jan Average, Romania, ROU
21.7,1930, Feb Average, Romania, ROU
27.5,1930, Mar Average, Romania, ROU
73.7,1930, Apr Average, Romania, ROU
108,1930, May Average, Romania, ROU
66.6,1930, Jun Average, Romania, ROU
58.8,1930, Jul Average, Romania, ROU
85.7,1930, Aug Average, Romania, ROU
40.9,1930, Sep Average, Romania, ROU
49.6,1930, Oct Average, Romania, ROU
33.6,1930, Nov Average, Romania, ROU
55.8,1930, Dec Average, Romania, ROU
44.4,1931, Jan Average, Romania, ROU
19.5,1931, Feb Average, Romania, ROU
57,1931, Mar Average, Romania, ROU
48.6,1931, Apr Average, Romania, ROU
53,1931, May Average, Romania, ROU
90.3,1931, Jun Average, Romania, ROU
67.5,1931, Jul Average, Romania, ROU
61.2,1931, Aug Average, Romania, ROU
87.1,1931, Sep Average, Romania, ROU
57.2,1931, Oct Average, Romania, ROU
44.7,1931, Nov Average, Romania, ROU
26.5,1931, Dec Average, Romania, ROU
36.6,1932, Jan Average, Romania, ROU
37.8,1932, Feb Average, Romania, ROU
52.7,1932, Mar Average, Romania, ROU
44,1932, Apr Average, Romania, ROU
96.4,1932, May Average, Romania, ROU
107.7,1932, Jun Average, Romania, ROU
68.2,1932, Jul Average, Romania, ROU
55.2,1932, Aug Average, Romania, ROU
26.6,1932, Sep Average, Romania, ROU
69.6,1932, Oct Average, Romania, ROU
20.9,1932, Nov Average, Romania, ROU
22.9,1932, Dec Average, Romania, ROU
42.7,1933, Jan Average, Romania, ROU
46.8,1933, Feb Average, Romania, ROU
49.1,1933, Mar Average, Romania, ROU
71.5,1933, Apr Average, Romania, ROU
105.2,1933, May Average, Romania, ROU
101.3,1933, Jun Average, Romania, ROU
104.6,1933, Jul Average, Romania, ROU
85.9,1933, Aug Average, Romania, ROU
42.9,1933, Sep Average, Romania, ROU
56.5,1933, Oct Average, Romania, ROU
47.5,1933, Nov Average, Romania, ROU
34.8,1933, Dec Average, Romania, ROU
27,1934, Jan Average, Romania, ROU
17.6,1934, Feb Average, Romania, ROU
15,1934, Mar Average, Romania, ROU
13.8,1934, Apr Average, Romania, ROU
43.7,1934, May Average, Romania, ROU
88.2,1934, Jun Average, Romania, ROU
103,1934, Jul Average, Romania, ROU
91.4,1934, Aug Average, Romania, ROU
69.5,1934, Sep Average, Romania, ROU
45.3,1934, Oct Average, Romania, ROU
27.2,1934, Nov Average, Romania, ROU
21.2,1934, Dec Average, Romania, ROU
51.6,1935, Jan Average, Romania, ROU
42.4,1935, Feb Average, Romania, ROU
24.2,1935, Mar Average, Romania, ROU
77.7,1935, Apr Average, Romania, ROU
65.8,1935, May Average, Romania, ROU
76.3,1935, Jun Average, Romania, ROU
54.9,1935, Jul Average, Romania, ROU
45.7,1935, Aug Average, Romania, ROU
32.4,1935, Sep Average, Romania, ROU
28.6,1935, Oct Average, Romania, ROU
29.9,1935, Nov Average, Romania, ROU
45.4,1935, Dec Average, Romania, ROU
22.7,1936, Jan Average, Romania, ROU
54.7,1936, Feb Average, Romania, ROU
23.6,1936, Mar Average, Romania, ROU
57.6,1936, Apr Average, Romania, ROU
52.1,1936, May Average, Romania, ROU
97.4,1936, Jun Average, Romania, ROU
59,1936, Jul Average, Romania, ROU
90.8,1936, Aug Average, Romania, ROU
58.3,1936, Sep Average, Romania, ROU
63.1,1936, Oct Average, Romania, ROU
32.2,1936, Nov Average, Romania, ROU
17.4,1936, Dec Average, Romania, ROU
44,1937, Jan Average, Romania, ROU
45.8,1937, Feb Average, Romania, ROU
29.2,1937, Mar Average, Romania, ROU
83.5,1937, Apr Average, Romania, ROU
49.7,1937, May Average, Romania, ROU
66,1937, Jun Average, Romania, ROU
65,1937, Jul Average, Romania, ROU
129.5,1937, Aug Average, Romania, ROU
34.9,1937, Sep Average, Romania, ROU
46.3,1937, Oct Average, Romania, ROU
65.1,1937, Nov Average, Romania, ROU
56.5,1937, Dec Average, Romania, ROU
34.3,1938, Jan Average, Romania, ROU
25.6,1938, Feb Average, Romania, ROU
21,1938, Mar Average, Romania, ROU
53.5,1938, Apr Average, Romania, ROU
87.1,1938, May Average, Romania, ROU
52.6,1938, Jun Average, Romania, ROU
70.8,1938, Jul Average, Romania, ROU
81.2,1938, Aug Average, Romania, ROU
47,1938, Sep Average, Romania, ROU
60.6,1938, Oct Average, Romania, ROU
26.4,1938, Nov Average, Romania, ROU
58,1938, Dec Average, Romania, ROU
26.1,1939, Jan Average, Romania, ROU
17.9,1939, Feb Average, Romania, ROU
63.3,1939, Mar Average, Romania, ROU
18.3,1939, Apr Average, Romania, ROU
107.4,1939, May Average, Romania, ROU
80.7,1939, Jun Average, Romania, ROU
68.3,1939, Jul Average, Romania, ROU
71.3,1939, Aug Average, Romania, ROU
40.5,1939, Sep Average, Romania, ROU
116.2,1939, Oct Average, Romania, ROU
34.5,1939, Nov Average, Romania, ROU
44.1,1939, Dec Average, Romania, ROU
36.3,1940, Jan Average, Romania, ROU
45,1940, Feb Average, Romania, ROU
39.9,1940, Mar Average, Romania, ROU
56.6,1940, Apr Average, Romania, ROU
112.5,1940, May Average, Romania, ROU
155.8,1940, Jun Average, Romania, ROU
70.1,1940, Jul Average, Romania, ROU
79.9,1940, Aug Average, Romania, ROU
36,1940, Sep Average, Romania, ROU
57.1,1940, Oct Average, Romania, ROU
35.9,1940, Nov Average, Romania, ROU
53.1,1940, Dec Average, Romania, ROU
54.3,1941, Jan Average, Romania, ROU
55,1941, Feb Average, Romania, ROU
40.8,1941, Mar Average, Romania, ROU
78.5,1941, Apr Average, Romania, ROU
81.3,1941, May Average, Romania, ROU
121.3,1941, Jun Average, Romania, ROU
108.1,1941, Jul Average, Romania, ROU
72.4,1941, Aug Average, Romania, ROU
88.5,1941, Sep Average, Romania, ROU
77,1941, Oct Average, Romania, ROU
44.5,1941, Nov Average, Romania, ROU
30.9,1941, Dec Average, Romania, ROU
56.5,1942, Jan Average, Romania, ROU
28.9,1942, Feb Average, Romania, ROU
25.4,1942, Mar Average, Romania, ROU
78.4,1942, Apr Average, Romania, ROU
70.7,1942, May Average, Romania, ROU
97.3,1942, Jun Average, Romania, ROU
66.9,1942, Jul Average, Romania, ROU
26.7,1942, Aug Average, Romania, ROU
18.8,1942, Sep Average, Romania, ROU
34.7,1942, Oct Average, Romania, ROU
68.8,1942, Nov Average, Romania, ROU
11.6,1942, Dec Average, Romania, ROU
45.2,1943, Jan Average, Romania, ROU
21.7,1943, Feb Average, Romania, ROU
12,1943, Mar Average, Romania, ROU
24.4,1943, Apr Average, Romania, ROU
98.5,1943, May Average, Romania, ROU
74.3,1943, Jun Average, Romania, ROU
78,1943, Jul Average, Romania, ROU
17.7,1943, Aug Average, Romania, ROU
53.4,1943, Sep Average, Romania, ROU
23.6,1943, Oct Average, Romania, ROU
55.8,1943, Nov Average, Romania, ROU
67.7,1943, Dec Average, Romania, ROU
32.2,1944, Jan Average, Romania, ROU
60.8,1944, Feb Average, Romania, ROU
52.7,1944, Mar Average, Romania, ROU
56.3,1944, Apr Average, Romania, ROU
60.1,1944, May Average, Romania, ROU
64.4,1944, Jun Average, Romania, ROU
83.3,1944, Jul Average, Romania, ROU
50.6,1944, Aug Average, Romania, ROU
67.5,1944, Sep Average, Romania, ROU
91.9,1944, Oct Average, Romania, ROU
58.5,1944, Nov Average, Romania, ROU
25.7,1944, Dec Average, Romania, ROU
39.5,1945, Jan Average, Romania, ROU
16,1945, Feb Average, Romania, ROU
18.5,1945, Mar Average, Romania, ROU
61.2,1945, Apr Average, Romania, ROU
53.8,1945, May Average, Romania, ROU
49.9,1945, Jun Average, Romania, ROU
43.3,1945, Jul Average, Romania, ROU
69.8,1945, Aug Average, Romania, ROU
28.5,1945, Sep Average, Romania, ROU
44.3,1945, Oct Average, Romania, ROU
28.3,1945, Nov Average, Romania, ROU
47.8,1945, Dec Average, Romania, ROU
18.4,1946, Jan Average, Romania, ROU
36.4,1946, Feb Average, Romania, ROU
21.3,1946, Mar Average, Romania, ROU
21.8,1946, Apr Average, Romania, ROU
73.3,1946, May Average, Romania, ROU
68.8,1946, Jun Average, Romania, ROU
46.9,1946, Jul Average, Romania, ROU
26.8,1946, Aug Average, Romania, ROU
29.4,1946, Sep Average, Romania, ROU
72.9,1946, Oct Average, Romania, ROU
64.6,1946, Nov Average, Romania, ROU
40.8,1946, Dec Average, Romania, ROU
52.4,1947, Jan Average, Romania, ROU
38,1947, Feb Average, Romania, ROU
32.4,1947, Mar Average, Romania, ROU
20.1,1947, Apr Average, Romania, ROU
33,1947, May Average, Romania, ROU
105.1,1947, Jun Average, Romania, ROU
79.8,1947, Jul Average, Romania, ROU
83.2,1947, Aug Average, Romania, ROU
15.3,1947, Sep Average, Romania, ROU
36.9,1947, Oct Average, Romania, ROU
66.2,1947, Nov Average, Romania, ROU
68.2,1947, Dec Average, Romania, ROU
48.4,1948, Jan Average, Romania, ROU
25.1,1948, Feb Average, Romania, ROU
22.1,1948, Mar Average, Romania, ROU
24.3,1948, Apr Average, Romania, ROU
83,1948, May Average, Romania, ROU
164.6,1948, Jun Average, Romania, ROU
72.5,1948, Jul Average, Romania, ROU
44.1,1948, Aug Average, Romania, ROU
25.8,1948, Sep Average, Romania, ROU
23.7,1948, Oct Average, Romania, ROU
26.9,1948, Nov Average, Romania, ROU
7.7,1948, Dec Average, Romania, ROU
19.2,1949, Jan Average, Romania, ROU
13,1949, Feb Average, Romania, ROU
39.1,1949, Mar Average, Romania, ROU
24.4,1949, Apr Average, Romania, ROU
68.6,1949, May Average, Romania, ROU
120,1949, Jun Average, Romania, ROU
104.4,1949, Jul Average, Romania, ROU
90.7,1949, Aug Average, Romania, ROU
28.5,1949, Sep Average, Romania, ROU
9.5,1949, Oct Average, Romania, ROU
61.2,1949, Nov Average, Romania, ROU
45.3,1949, Dec Average, Romania, ROU
29,1950, Jan Average, Romania, ROU
19,1950, Feb Average, Romania, ROU
28.2,1950, Mar Average, Romania, ROU
54,1950, Apr Average, Romania, ROU
57.7,1950, May Average, Romania, ROU
43.6,1950, Jun Average, Romania, ROU
59.6,1950, Jul Average, Romania, ROU
48.8,1950, Aug Average, Romania, ROU
34.7,1950, Sep Average, Romania, ROU
62.8,1950, Oct Average, Romania, ROU
62.8,1950, Nov Average, Romania, ROU
49.6,1950, Dec Average, Romania, ROU
23.4,1951, Jan Average, Romania, ROU
31,1951, Feb Average, Romania, ROU
44.5,1951, Mar Average, Romania, ROU
69.6,1951, Apr Average, Romania, ROU
69.5,1951, May Average, Romania, ROU
72.3,1951, Jun Average, Romania, ROU
78.8,1951, Jul Average, Romania, ROU
73.2,1951, Aug Average, Romania, ROU
45,1951, Sep Average, Romania, ROU
21.1,1951, Oct Average, Romania, ROU
25,1951, Nov Average, Romania, ROU
21.6,1951, Dec Average, Romania, ROU
36,1952, Jan Average, Romania, ROU
55.8,1952, Feb Average, Romania, ROU
33.2,1952, Mar Average, Romania, ROU
24.6,1952, Apr Average, Romania, ROU
78.3,1952, May Average, Romania, ROU
85.9,1952, Jun Average, Romania, ROU
29.6,1952, Jul Average, Romania, ROU
26.9,1952, Aug Average, Romania, ROU
42.5,1952, Sep Average, Romania, ROU
74.6,1952, Oct Average, Romania, ROU
81.7,1952, Nov Average, Romania, ROU
69,1952, Dec Average, Romania, ROU
48,1953, Jan Average, Romania, ROU
52.9,1953, Feb Average, Romania, ROU
10.1,1953, Mar Average, Romania, ROU
41.9,1953, Apr Average, Romania, ROU
80,1953, May Average, Romania, ROU
98.4,1953, Jun Average, Romania, ROU
55,1953, Jul Average, Romania, ROU
75.8,1953, Aug Average, Romania, ROU
17.3,1953, Sep Average, Romania, ROU
27.8,1953, Oct Average, Romania, ROU
18.6,1953, Nov Average, Romania, ROU
18.9,1953, Dec Average, Romania, ROU
37.2,1954, Jan Average, Romania, ROU
47,1954, Feb Average, Romania, ROU
22.9,1954, Mar Average, Romania, ROU
48.9,1954, Apr Average, Romania, ROU
97.1,1954, May Average, Romania, ROU
108.8,1954, Jun Average, Romania, ROU
86.2,1954, Jul Average, Romania, ROU
66.4,1954, Aug Average, Romania, ROU
37.6,1954, Sep Average, Romania, ROU
50,1954, Oct Average, Romania, ROU
53.7,1954, Nov Average, Romania, ROU
47.8,1954, Dec Average, Romania, ROU
55.2,1955, Jan Average, Romania, ROU
55.2,1955, Feb Average, Romania, ROU
43.5,1955, Mar Average, Romania, ROU
73.4,1955, Apr Average, Romania, ROU
60.7,1955, May Average, Romania, ROU
94.2,1955, Jun Average, Romania, ROU
135.3,1955, Jul Average, Romania, ROU
94.3,1955, Aug Average, Romania, ROU
72,1955, Sep Average, Romania, ROU
42.4,1955, Oct Average, Romania, ROU
45.1,1955, Nov Average, Romania, ROU
37.8,1955, Dec Average, Romania, ROU
37.9,1956, Jan Average, Romania, ROU
61.1,1956, Feb Average, Romania, ROU
28.7,1956, Mar Average, Romania, ROU
44.9,1956, Apr Average, Romania, ROU
80,1956, May Average, Romania, ROU
107.7,1956, Jun Average, Romania, ROU
51.9,1956, Jul Average, Romania, ROU
42,1956, Aug Average, Romania, ROU
25.8,1956, Sep Average, Romania, ROU
35.6,1956, Oct Average, Romania, ROU
45.6,1956, Nov Average, Romania, ROU
56.4,1956, Dec Average, Romania, ROU
26.6,1957, Jan Average, Romania, ROU
28.6,1957, Feb Average, Romania, ROU
13,1957, Mar Average, Romania, ROU
59.6,1957, Apr Average, Romania, ROU
128,1957, May Average, Romania, ROU
86.8,1957, Jun Average, Romania, ROU
79.3,1957, Jul Average, Romania, ROU
65.7,1957, Aug Average, Romania, ROU
66.8,1957, Sep Average, Romania, ROU
40.7,1957, Oct Average, Romania, ROU
37.2,1957, Nov Average, Romania, ROU
36.9,1957, Dec Average, Romania, ROU
40.6,1958, Jan Average, Romania, ROU
43.8,1958, Feb Average, Romania, ROU
40.8,1958, Mar Average, Romania, ROU
88.1,1958, Apr Average, Romania, ROU
31.3,1958, May Average, Romania, ROU
104.5,1958, Jun Average, Romania, ROU
46.5,1958, Jul Average, Romania, ROU
67.9,1958, Aug Average, Romania, ROU
35.7,1958, Sep Average, Romania, ROU
44.4,1958, Oct Average, Romania, ROU
33.8,1958, Nov Average, Romania, ROU
26.5,1958, Dec Average, Romania, ROU
51.1,1959, Jan Average, Romania, ROU
7.2,1959, Feb Average, Romania, ROU
23.1,1959, Mar Average, Romania, ROU
29.4,1959, Apr Average, Romania, ROU
65.6,1959, May Average, Romania, ROU
94.7,1959, Jun Average, Romania, ROU
72.1,1959, Jul Average, Romania, ROU
76,1959, Aug Average, Romania, ROU
46.8,1959, Sep Average, Romania, ROU
14,1959, Oct Average, Romania, ROU
53.7,1959, Nov Average, Romania, ROU
51.1,1959, Dec Average, Romania, ROU
44.7,1960, Jan Average, Romania, ROU
37.9,1960, Feb Average, Romania, ROU
28.9,1960, Mar Average, Romania, ROU
48.9,1960, Apr Average, Romania, ROU
93.8,1960, May Average, Romania, ROU
88.8,1960, Jun Average, Romania, ROU
93,1960, Jul Average, Romania, ROU
46.3,1960, Aug Average, Romania, ROU
41.8,1960, Sep Average, Romania, ROU
53.5,1960, Oct Average, Romania, ROU
67.8,1960, Nov Average, Romania, ROU
56.7,1960, Dec Average, Romania, ROU
30.3,1961, Jan Average, Romania, ROU
22.2,1961, Feb Average, Romania, ROU
19.4,1961, Mar Average, Romania, ROU
54.7,1961, Apr Average, Romania, ROU
105.8,1961, May Average, Romania, ROU
68.7,1961, Jun Average, Romania, ROU
66,1961, Jul Average, Romania, ROU
48.4,1961, Aug Average, Romania, ROU
4.2,1961, Sep Average, Romania, ROU
33,1961, Oct Average, Romania, ROU
47.5,1961, Nov Average, Romania, ROU
42.7,1961, Dec Average, Romania, ROU
30.6,1962, Jan Average, Romania, ROU
46.3,1962, Feb Average, Romania, ROU
86,1962, Mar Average, Romania, ROU
63.4,1962, Apr Average, Romania, ROU
43.3,1962, May Average, Romania, ROU
61,1962, Jun Average, Romania, ROU
77.7,1962, Jul Average, Romania, ROU
26.6,1962, Aug Average, Romania, ROU
37.4,1962, Sep Average, Romania, ROU
16.8,1962, Oct Average, Romania, ROU
73.4,1962, Nov Average, Romania, ROU
39.3,1962, Dec Average, Romania, ROU
80.3,1963, Jan Average, Romania, ROU
46.5,1963, Feb Average, Romania, ROU
38.9,1963, Mar Average, Romania, ROU
36.9,1963, Apr Average, Romania, ROU
53.9,1963, May Average, Romania, ROU
67.4,1963, Jun Average, Romania, ROU
59.3,1963, Jul Average, Romania, ROU
52.1,1963, Aug Average, Romania, ROU
34.9,1963, Sep Average, Romania, ROU
26.2,1963, Oct Average, Romania, ROU
16.4,1963, Nov Average, Romania, ROU
55.1,1963, Dec Average, Romania, ROU
8.6,1964, Jan Average, Romania, ROU
35.6,1964, Feb Average, Romania, ROU
39.3,1964, Mar Average, Romania, ROU
48,1964, Apr Average, Romania, ROU
76.9,1964, May Average, Romania, ROU
63.8,1964, Jun Average, Romania, ROU
78.7,1964, Jul Average, Romania, ROU
70.5,1964, Aug Average, Romania, ROU
86.8,1964, Sep Average, Romania, ROU
65.4,1964, Oct Average, Romania, ROU
47.7,1964, Nov Average, Romania, ROU
40.2,1964, Dec Average, Romania, ROU
47.3,1965, Jan Average, Romania, ROU
42.7,1965, Feb Average, Romania, ROU
32.4,1965, Mar Average, Romania, ROU
51.7,1965, Apr Average, Romania, ROU
78.9,1965, May Average, Romania, ROU
99.4,1965, Jun Average, Romania, ROU
58.2,1965, Jul Average, Romania, ROU
39.1,1965, Aug Average, Romania, ROU
22.3,1965, Sep Average, Romania, ROU
10,1965, Oct Average, Romania, ROU
53.7,1965, Nov Average, Romania, ROU
63.3,1965, Dec Average, Romania, ROU
76.2,1966, Jan Average, Romania, ROU
31.4,1966, Feb Average, Romania, ROU
53.9,1966, Mar Average, Romania, ROU
46.5,1966, Apr Average, Romania, ROU
78.3,1966, May Average, Romania, ROU
94,1966, Jun Average, Romania, ROU
87.7,1966, Jul Average, Romania, ROU
78.5,1966, Aug Average, Romania, ROU
33.5,1966, Sep Average, Romania, ROU
46.2,1966, Oct Average, Romania, ROU
88.3,1966, Nov Average, Romania, ROU
57.1,1966, Dec Average, Romania, ROU
37.5,1967, Jan Average, Romania, ROU
32,1967, Feb Average, Romania, ROU
35.8,1967, Mar Average, Romania, ROU
55.7,1967, Apr Average, Romania, ROU
79.8,1967, May Average, Romania, ROU
85.3,1967, Jun Average, Romania, ROU
52.1,1967, Jul Average, Romania, ROU
55.6,1967, Aug Average, Romania, ROU
52,1967, Sep Average, Romania, ROU
27.8,1967, Oct Average, Romania, ROU
21.7,1967, Nov Average, Romania, ROU
55.8,1967, Dec Average, Romania, ROU
55.4,1968, Jan Average, Romania, ROU
44.7,1968, Feb Average, Romania, ROU
20.1,1968, Mar Average, Romania, ROU
18,1968, Apr Average, Romania, ROU
45.2,1968, May Average, Romania, ROU
46.1,1968, Jun Average, Romania, ROU
88.9,1968, Jul Average, Romania, ROU
105.4,1968, Aug Average, Romania, ROU
87,1968, Sep Average, Romania, ROU
30.9,1968, Oct Average, Romania, ROU
48.8,1968, Nov Average, Romania, ROU
38.7,1968, Dec Average, Romania, ROU
32.2,1969, Jan Average, Romania, ROU
70.9,1969, Feb Average, Romania, ROU
35.8,1969, Mar Average, Romania, ROU
39.5,1969, Apr Average, Romania, ROU
39.1,1969, May Average, Romania, ROU
165.5,1969, Jun Average, Romania, ROU
112.2,1969, Jul Average, Romania, ROU
75.7,1969, Aug Average, Romania, ROU
34.2,1969, Sep Average, Romania, ROU
9,1969, Oct Average, Romania, ROU
31.2,1969, Nov Average, Romania, ROU
97.3,1969, Dec Average, Romania, ROU
38.1,1970, Jan Average, Romania, ROU
67.2,1970, Feb Average, Romania, ROU
49,1970, Mar Average, Romania, ROU
60.1,1970, Apr Average, Romania, ROU
148.4,1970, May Average, Romania, ROU
102.6,1970, Jun Average, Romania, ROU
112.8,1970, Jul Average, Romania, ROU
82.3,1970, Aug Average, Romania, ROU
28.4,1970, Sep Average, Romania, ROU
46.5,1970, Oct Average, Romania, ROU
32.9,1970, Nov Average, Romania, ROU
35.4,1970, Dec Average, Romania, ROU
32.2,1971, Jan Average, Romania, ROU
39.1,1971, Feb Average, Romania, ROU
39,1971, Mar Average, Romania, ROU
29,1971, Apr Average, Romania, ROU
108.7,1971, May Average, Romania, ROU
90.7,1971, Jun Average, Romania, ROU
97.8,1971, Jul Average, Romania, ROU
43,1971, Aug Average, Romania, ROU
84.7,1971, Sep Average, Romania, ROU
27.2,1971, Oct Average, Romania, ROU
39.3,1971, Nov Average, Romania, ROU
31.5,1971, Dec Average, Romania, ROU
15.8,1972, Jan Average, Romania, ROU
20.3,1972, Feb Average, Romania, ROU
11.8,1972, Mar Average, Romania, ROU
54,1972, Apr Average, Romania, ROU
68.9,1972, May Average, Romania, ROU
91.5,1972, Jun Average, Romania, ROU
76.6,1972, Jul Average, Romania, ROU
121.4,1972, Aug Average, Romania, ROU
90.3,1972, Sep Average, Romania, ROU
108.4,1972, Oct Average, Romania, ROU
48.6,1972, Nov Average, Romania, ROU
3.1,1972, Dec Average, Romania, ROU
19,1973, Jan Average, Romania, ROU
47.4,1973, Feb Average, Romania, ROU
44.6,1973, Mar Average, Romania, ROU
49.6,1973, Apr Average, Romania, ROU
86.1,1973, May Average, Romania, ROU
85.1,1973, Jun Average, Romania, ROU
81.7,1973, Jul Average, Romania, ROU
34.3,1973, Aug Average, Romania, ROU
17.9,1973, Sep Average, Romania, ROU
38.1,1973, Oct Average, Romania, ROU
29.8,1973, Nov Average, Romania, ROU
28.4,1973, Dec Average, Romania, ROU
16.7,1974, Jan Average, Romania, ROU
14.3,1974, Feb Average, Romania, ROU
13.1,1974, Mar Average, Romania, ROU
40.2,1974, Apr Average, Romania, ROU
95,1974, May Average, Romania, ROU
132.9,1974, Jun Average, Romania, ROU
106.8,1974, Jul Average, Romania, ROU
58,1974, Aug Average, Romania, ROU
62.2,1974, Sep Average, Romania, ROU
77.4,1974, Oct Average, Romania, ROU
42.6,1974, Nov Average, Romania, ROU
55,1974, Dec Average, Romania, ROU
19.2,1975, Jan Average, Romania, ROU
11.7,1975, Feb Average, Romania, ROU
19.9,1975, Mar Average, Romania, ROU
68.9,1975, Apr Average, Romania, ROU
100.7,1975, May Average, Romania, ROU
118.5,1975, Jun Average, Romania, ROU
117.6,1975, Jul Average, Romania, ROU
75.7,1975, Aug Average, Romania, ROU
22.9,1975, Sep Average, Romania, ROU
66.4,1975, Oct Average, Romania, ROU
46.2,1975, Nov Average, Romania, ROU
12.6,1975, Dec Average, Romania, ROU
64,1976, Jan Average, Romania, ROU
7.7,1976, Feb Average, Romania, ROU
19,1976, Mar Average, Romania, ROU
55.9,1976, Apr Average, Romania, ROU
49.1,1976, May Average, Romania, ROU
63.8,1976, Jun Average, Romania, ROU
68.6,1976, Jul Average, Romania, ROU
85.9,1976, Aug Average, Romania, ROU
77.8,1976, Sep Average, Romania, ROU
39.3,1976, Oct Average, Romania, ROU
57.4,1976, Nov Average, Romania, ROU
41.8,1976, Dec Average, Romania, ROU
31,1977, Jan Average, Romania, ROU
45.2,1977, Feb Average, Romania, ROU
31.6,1977, Mar Average, Romania, ROU
74.5,1977, Apr Average, Romania, ROU
61,1977, May Average, Romania, ROU
86.4,1977, Jun Average, Romania, ROU
69.6,1977, Jul Average, Romania, ROU
93.8,1977, Aug Average, Romania, ROU
45.9,1977, Sep Average, Romania, ROU
14.5,1977, Oct Average, Romania, ROU
49.8,1977, Nov Average, Romania, ROU
28.5,1977, Dec Average, Romania, ROU
15.2,1978, Jan Average, Romania, ROU
59.2,1978, Feb Average, Romania, ROU
50.1,1978, Mar Average, Romania, ROU
58.1,1978, Apr Average, Romania, ROU
106.5,1978, May Average, Romania, ROU
114.1,1978, Jun Average, Romania, ROU
74.9,1978, Jul Average, Romania, ROU
44.1,1978, Aug Average, Romania, ROU
105.8,1978, Sep Average, Romania, ROU
15.4,1978, Oct Average, Romania, ROU
21.9,1978, Nov Average, Romania, ROU
40.5,1978, Dec Average, Romania, ROU
66.8,1979, Jan Average, Romania, ROU
27.7,1979, Feb Average, Romania, ROU
35.6,1979, Mar Average, Romania, ROU
63.1,1979, Apr Average, Romania, ROU
64.3,1979, May Average, Romania, ROU
113.7,1979, Jun Average, Romania, ROU
88.2,1979, Jul Average, Romania, ROU
97.3,1979, Aug Average, Romania, ROU
27.2,1979, Sep Average, Romania, ROU
42.4,1979, Oct Average, Romania, ROU
44.4,1979, Nov Average, Romania, ROU
24.9,1979, Dec Average, Romania, ROU
50.9,1980, Jan Average, Romania, ROU
16.6,1980, Feb Average, Romania, ROU
47.4,1980, Mar Average, Romania, ROU
65.6,1980, Apr Average, Romania, ROU
107.8,1980, May Average, Romania, ROU
92.5,1980, Jun Average, Romania, ROU
114.7,1980, Jul Average, Romania, ROU
57.1,1980, Aug Average, Romania, ROU
32.2,1980, Sep Average, Romania, ROU
66.4,1980, Oct Average, Romania, ROU
65.3,1980, Nov Average, Romania, ROU
65.3,1980, Dec Average, Romania, ROU
50.1,1981, Jan Average, Romania, ROU
24.3,1981, Feb Average, Romania, ROU
53.4,1981, Mar Average, Romania, ROU
45.3,1981, Apr Average, Romania, ROU
77,1981, May Average, Romania, ROU
82.8,1981, Jun Average, Romania, ROU
90.6,1981, Jul Average, Romania, ROU
46.8,1981, Aug Average, Romania, ROU
55.6,1981, Sep Average, Romania, ROU
58.7,1981, Oct Average, Romania, ROU
61.4,1981, Nov Average, Romania, ROU
65.8,1981, Dec Average, Romania, ROU
30.8,1982, Jan Average, Romania, ROU
23.3,1982, Feb Average, Romania, ROU
35.4,1982, Mar Average, Romania, ROU
64.2,1982, Apr Average, Romania, ROU
36.5,1982, May Average, Romania, ROU
86.6,1982, Jun Average, Romania, ROU
108.6,1982, Jul Average, Romania, ROU
76.8,1982, Aug Average, Romania, ROU
21.2,1982, Sep Average, Romania, ROU
31,1982, Oct Average, Romania, ROU
19.2,1982, Nov Average, Romania, ROU
41.9,1982, Dec Average, Romania, ROU
23.5,1983, Jan Average, Romania, ROU
25.6,1983, Feb Average, Romania, ROU
22.3,1983, Mar Average, Romania, ROU
38.5,1983, Apr Average, Romania, ROU
65.5,1983, May Average, Romania, ROU
110.9,1983, Jun Average, Romania, ROU
68.4,1983, Jul Average, Romania, ROU
72.9,1983, Aug Average, Romania, ROU
30.2,1983, Sep Average, Romania, ROU
21.5,1983, Oct Average, Romania, ROU
23.4,1983, Nov Average, Romania, ROU
22.2,1983, Dec Average, Romania, ROU
51.8,1984, Jan Average, Romania, ROU
54,1984, Feb Average, Romania, ROU
58.5,1984, Mar Average, Romania, ROU
56.3,1984, Apr Average, Romania, ROU
108.2,1984, May Average, Romania, ROU
88.2,1984, Jun Average, Romania, ROU
70.1,1984, Jul Average, Romania, ROU
51.2,1984, Aug Average, Romania, ROU
58.8,1984, Sep Average, Romania, ROU
20.8,1984, Oct Average, Romania, ROU
41.5,1984, Nov Average, Romania, ROU
36.3,1984, Dec Average, Romania, ROU
39.6,1985, Jan Average, Romania, ROU
38.7,1985, Feb Average, Romania, ROU
13.7,1985, Mar Average, Romania, ROU
43.9,1985, Apr Average, Romania, ROU
63.1,1985, May Average, Romania, ROU
131.9,1985, Jun Average, Romania, ROU
49.2,1985, Jul Average, Romania, ROU
80.4,1985, Aug Average, Romania, ROU
28.7,1985, Sep Average, Romania, ROU
13.2,1985, Oct Average, Romania, ROU
62.3,1985, Nov Average, Romania, ROU
31.2,1985, Dec Average, Romania, ROU
41.7,1986, Jan Average, Romania, ROU
55.4,1986, Feb Average, Romania, ROU
21,1986, Mar Average, Romania, ROU
40.3,1986, Apr Average, Romania, ROU
31.9,1986, May Average, Romania, ROU
88.4,1986, Jun Average, Romania, ROU
91.1,1986, Jul Average, Romania, ROU
38,1986, Aug Average, Romania, ROU
14,1986, Sep Average, Romania, ROU
33.3,1986, Oct Average, Romania, ROU
6.6,1986, Nov Average, Romania, ROU
32.6,1986, Dec Average, Romania, ROU
53.8,1987, Jan Average, Romania, ROU
19.2,1987, Feb Average, Romania, ROU
31,1987, Mar Average, Romania, ROU
53.6,1987, Apr Average, Romania, ROU
89.1,1987, May Average, Romania, ROU
53.3,1987, Jun Average, Romania, ROU
54,1987, Jul Average, Romania, ROU
58.5,1987, Aug Average, Romania, ROU
23.4,1987, Sep Average, Romania, ROU
33.6,1987, Oct Average, Romania, ROU
61.3,1987, Nov Average, Romania, ROU
49.9,1987, Dec Average, Romania, ROU
40.4,1988, Jan Average, Romania, ROU
36.8,1988, Feb Average, Romania, ROU
79.8,1988, Mar Average, Romania, ROU
58.3,1988, Apr Average, Romania, ROU
64.8,1988, May Average, Romania, ROU
97.1,1988, Jun Average, Romania, ROU
56.2,1988, Jul Average, Romania, ROU
32.9,1988, Aug Average, Romania, ROU
65.1,1988, Sep Average, Romania, ROU
30.5,1988, Oct Average, Romania, ROU
33.3,1988, Nov Average, Romania, ROU
46.7,1988, Dec Average, Romania, ROU
6.5,1989, Jan Average, Romania, ROU
17.5,1989, Feb Average, Romania, ROU
24.4,1989, Mar Average, Romania, ROU
59.9,1989, Apr Average, Romania, ROU
69.9,1989, May Average, Romania, ROU
115.4,1989, Jun Average, Romania, ROU
34.6,1989, Jul Average, Romania, ROU
93.8,1989, Aug Average, Romania, ROU
63.6,1989, Sep Average, Romania, ROU
34,1989, Oct Average, Romania, ROU
44.8,1989, Nov Average, Romania, ROU
26.2,1989, Dec Average, Romania, ROU
14.7,1990, Jan Average, Romania, ROU
27.5,1990, Feb Average, Romania, ROU
12.5,1990, Mar Average, Romania, ROU
54.8,1990, Apr Average, Romania, ROU
57.8,1990, May Average, Romania, ROU
68.3,1990, Jun Average, Romania, ROU
53.7,1990, Jul Average, Romania, ROU
30.7,1990, Aug Average, Romania, ROU
35.2,1990, Sep Average, Romania, ROU
40.2,1990, Oct Average, Romania, ROU
23.8,1990, Nov Average, Romania, ROU
69.3,1990, Dec Average, Romania, ROU
13,1991, Jan Average, Romania, ROU
31.9,1991, Feb Average, Romania, ROU
15.8,1991, Mar Average, Romania, ROU
48.7,1991, Apr Average, Romania, ROU
146.7,1991, May Average, Romania, ROU
85.3,1991, Jun Average, Romania, ROU
133.3,1991, Jul Average, Romania, ROU
78.9,1991, Aug Average, Romania, ROU
33.3,1991, Sep Average, Romania, ROU
71,1991, Oct Average, Romania, ROU
38,1991, Nov Average, Romania, ROU
28.9,1991, Dec Average, Romania, ROU
16,1992, Jan Average, Romania, ROU
20,1992, Feb Average, Romania, ROU
27.4,1992, Mar Average, Romania, ROU
50.2,1992, Apr Average, Romania, ROU
56.8,1992, May Average, Romania, ROU
116.9,1992, Jun Average, Romania, ROU
41.2,1992, Jul Average, Romania, ROU
19.5,1992, Aug Average, Romania, ROU
44.6,1992, Sep Average, Romania, ROU
64.5,1992, Oct Average, Romania, ROU
39.6,1992, Nov Average, Romania, ROU
27.9,1992, Dec Average, Romania, ROU
17.6,1993, Jan Average, Romania, ROU
26.8,1993, Feb Average, Romania, ROU
60.5,1993, Mar Average, Romania, ROU
52.7,1993, Apr Average, Romania, ROU
59.6,1993, May Average, Romania, ROU
71.2,1993, Jun Average, Romania, ROU
70,1993, Jul Average, Romania, ROU
55.4,1993, Aug Average, Romania, ROU
59.6,1993, Sep Average, Romania, ROU
28.5,1993, Oct Average, Romania, ROU
47.6,1993, Nov Average, Romania, ROU
44.5,1993, Dec Average, Romania, ROU
27.3,1994, Jan Average, Romania, ROU
16.3,1994, Feb Average, Romania, ROU
26.4,1994, Mar Average, Romania, ROU
57,1994, Apr Average, Romania, ROU
55.3,1994, May Average, Romania, ROU
68.2,1994, Jun Average, Romania, ROU
74.1,1994, Jul Average, Romania, ROU
63.5,1994, Aug Average, Romania, ROU
33.5,1994, Sep Average, Romania, ROU
58.8,1994, Oct Average, Romania, ROU
21.2,1994, Nov Average, Romania, ROU
40.1,1994, Dec Average, Romania, ROU
54.2,1995, Jan Average, Romania, ROU
29.7,1995, Feb Average, Romania, ROU
39.2,1995, Mar Average, Romania, ROU
39.9,1995, Apr Average, Romania, ROU
66.6,1995, May Average, Romania, ROU
121.6,1995, Jun Average, Romania, ROU
59.6,1995, Jul Average, Romania, ROU
75.9,1995, Aug Average, Romania, ROU
92.4,1995, Sep Average, Romania, ROU
11.9,1995, Oct Average, Romania, ROU
61.5,1995, Nov Average, Romania, ROU
61.3,1995, Dec Average, Romania, ROU
37.3,1996, Jan Average, Romania, ROU
44.3,1996, Feb Average, Romania, ROU
28.8,1996, Mar Average, Romania, ROU
43.3,1996, Apr Average, Romania, ROU
77.7,1996, May Average, Romania, ROU
60.4,1996, Jun Average, Romania, ROU
41.2,1996, Jul Average, Romania, ROU
72.6,1996, Aug Average, Romania, ROU
113,1996, Sep Average, Romania, ROU
35.7,1996, Oct Average, Romania, ROU
41.8,1996, Nov Average, Romania, ROU
64.5,1996, Dec Average, Romania, ROU
14.8,1997, Jan Average, Romania, ROU
22.3,1997, Feb Average, Romania, ROU
34.1,1997, Mar Average, Romania, ROU
76.4,1997, Apr Average, Romania, ROU
77.5,1997, May Average, Romania, ROU
83.4,1997, Jun Average, Romania, ROU
114.1,1997, Jul Average, Romania, ROU
103.5,1997, Aug Average, Romania, ROU
37.2,1997, Sep Average, Romania, ROU
62.1,1997, Oct Average, Romania, ROU
41.4,1997, Nov Average, Romania, ROU
61.5,1997, Dec Average, Romania, ROU
43.1,1998, Jan Average, Romania, ROU
17.3,1998, Feb Average, Romania, ROU
36.7,1998, Mar Average, Romania, ROU
45.8,1998, Apr Average, Romania, ROU
81.5,1998, May Average, Romania, ROU
106.1,1998, Jun Average, Romania, ROU
91.7,1998, Jul Average, Romania, ROU
49.8,1998, Aug Average, Romania, ROU
91.1,1998, Sep Average, Romania, ROU
85.3,1998, Oct Average, Romania, ROU
59.2,1998, Nov Average, Romania, ROU
20.7,1998, Dec Average, Romania, ROU
30.1,1999, Jan Average, Romania, ROU
57.7,1999, Feb Average, Romania, ROU
23.2,1999, Mar Average, Romania, ROU
81.8,1999, Apr Average, Romania, ROU
58.3,1999, May Average, Romania, ROU
89,1999, Jun Average, Romania, ROU
96.7,1999, Jul Average, Romania, ROU
72,1999, Aug Average, Romania, ROU
58.8,1999, Sep Average, Romania, ROU
53.5,1999, Oct Average, Romania, ROU
38.1,1999, Nov Average, Romania, ROU
70.3,1999, Dec Average, Romania, ROU
42.4,2000, Jan Average, Romania, ROU
26.7,2000, Feb Average, Romania, ROU
44.1,2000, Mar Average, Romania, ROU
47.4,2000, Apr Average, Romania, ROU
35.3,2000, May Average, Romania, ROU
43,2000, Jun Average, Romania, ROU
67.6,2000, Jul Average, Romania, ROU
20.5,2000, Aug Average, Romania, ROU
70.1,2000, Sep Average, Romania, ROU
6.2,2000, Oct Average, Romania, ROU
22.5,2000, Nov Average, Romania, ROU
25.8,2000, Dec Average, Romania, ROU
29.2,2001, Jan Average, Romania, ROU
30.9,2001, Feb Average, Romania, ROU
61.5,2001, Mar Average, Romania, ROU
68.9,2001, Apr Average, Romania, ROU
46.3,2001, May Average, Romania, ROU
134.7,2001, Jun Average, Romania, ROU
90.3,2001, Jul Average, Romania, ROU
38.9,2001, Aug Average, Romania, ROU
109.1,2001, Sep Average, Romania, ROU
19.4,2001, Oct Average, Romania, ROU
53.5,2001, Nov Average, Romania, ROU
22.7,2001, Dec Average, Romania, ROU
14.9,2002, Jan Average, Romania, ROU
20,2002, Feb Average, Romania, ROU
37.1,2002, Mar Average, Romania, ROU
36.3,2002, Apr Average, Romania, ROU
38.7,2002, May Average, Romania, ROU
75.2,2002, Jun Average, Romania, ROU
104.6,2002, Jul Average, Romania, ROU
82.3,2002, Aug Average, Romania, ROU
60.2,2002, Sep Average, Romania, ROU
63,2002, Oct Average, Romania, ROU
49.5,2002, Nov Average, Romania, ROU
33.5,2002, Dec Average, Romania, ROU
51.9,2003, Jan Average, Romania, ROU
25.6,2003, Feb Average, Romania, ROU
20.7,2003, Mar Average, Romania, ROU
35.3,2003, Apr Average, Romania, ROU
39.3,2003, May Average, Romania, ROU
35.3,2003, Jun Average, Romania, ROU
95.6,2003, Jul Average, Romania, ROU
23,2003, Aug Average, Romania, ROU
62.4,2003, Sep Average, Romania, ROU
85.2,2003, Oct Average, Romania, ROU
31.2,2003, Nov Average, Romania, ROU
29.6,2003, Dec Average, Romania, ROU
57.5,2004, Jan Average, Romania, ROU
37.8,2004, Feb Average, Romania, ROU
33.2,2004, Mar Average, Romania, ROU
51.3,2004, Apr Average, Romania, ROU
80.8,2004, May Average, Romania, ROU
67.5,2004, Jun Average, Romania, ROU
108.7,2004, Jul Average, Romania, ROU
90.3,2004, Aug Average, Romania, ROU
59.2,2004, Sep Average, Romania, ROU
36,2004, Oct Average, Romania, ROU
73.8,2004, Nov Average, Romania, ROU
36.6,2004, Dec Average, Romania, ROU
45.9,2005, Jan Average, Romania, ROU
56,2005, Feb Average, Romania, ROU
36.5,2005, Mar Average, Romania, ROU
67,2005, Apr Average, Romania, ROU
81.6,2005, May Average, Romania, ROU
90.9,2005, Jun Average, Romania, ROU
109.1,2005, Jul Average, Romania, ROU
142.8,2005, Aug Average, Romania, ROU
52,2005, Sep Average, Romania, ROU
24.4,2005, Oct Average, Romania, ROU
44.6,2005, Nov Average, Romania, ROU
50.6,2005, Dec Average, Romania, ROU
28.4,2006, Jan Average, Romania, ROU
35,2006, Feb Average, Romania, ROU
75.9,2006, Mar Average, Romania, ROU
67,2006, Apr Average, Romania, ROU
81.6,2006, May Average, Romania, ROU
93.1,2006, Jun Average, Romania, ROU
61.6,2006, Jul Average, Romania, ROU
128.1,2006, Aug Average, Romania, ROU
32.2,2006, Sep Average, Romania, ROU
29.8,2006, Oct Average, Romania, ROU
22.6,2006, Nov Average, Romania, ROU
19.4,2006, Dec Average, Romania, ROU
43.5,2007, Jan Average, Romania, ROU
44.8,2007, Feb Average, Romania, ROU
46.8,2007, Mar Average, Romania, ROU
18.5,2007, Apr Average, Romania, ROU
79,2007, May Average, Romania, ROU
50.4,2007, Jun Average, Romania, ROU
50,2007, Jul Average, Romania, ROU
104.6,2007, Aug Average, Romania, ROU
77.1,2007, Sep Average, Romania, ROU
82.3,2007, Oct Average, Romania, ROU
66.8,2007, Nov Average, Romania, ROU
42.8,2007, Dec Average, Romania, ROU
25.6,2008, Jan Average, Romania, ROU
10.2,2008, Feb Average, Romania, ROU
47,2008, Mar Average, Romania, ROU
69.2,2008, Apr Average, Romania, ROU
68.1,2008, May Average, Romania, ROU
93.5,2008, Jun Average, Romania, ROU
103.9,2008, Jul Average, Romania, ROU
37,2008, Aug Average, Romania, ROU
60.5,2008, Sep Average, Romania, ROU
40.8,2008, Oct Average, Romania, ROU
28.1,2008, Nov Average, Romania, ROU
52.1,2008, Dec Average, Romania, ROU
41.6,2009, Jan Average, Romania, ROU
41.9,2009, Feb Average, Romania, ROU
46.4,2009, Mar Average, Romania, ROU
24.4,2009, Apr Average, Romania, ROU
50.2,2009, May Average, Romania, ROU
94.6,2009, Jun Average, Romania, ROU
77.2,2009, Jul Average, Romania, ROU
54.4,2009, Aug Average, Romania, ROU
24.5,2009, Sep Average, Romania, ROU
86.4,2009, Oct Average, Romania, ROU
37.1,2009, Nov Average, Romania, ROU
69.5,2009, Dec Average, Romania, ROU
59,2010, Jan Average, Romania, ROU
60,2010, Feb Average, Romania, ROU
38.3,2010, Mar Average, Romania, ROU
54.5,2010, Apr Average, Romania, ROU
114.9,2010, May Average, Romania, ROU
148.8,2010, Jun Average, Romania, ROU
83.5,2010, Jul Average, Romania, ROU
57.6,2010, Aug Average, Romania, ROU
60.3,2010, Sep Average, Romania, ROU
51.8,2010, Oct Average, Romania, ROU
35.8,2010, Nov Average, Romania, ROU
73.5,2010, Dec Average, Romania, ROU
34.8,2011, Jan Average, Romania, ROU
27.7,2011, Feb Average, Romania, ROU
21.4,2011, Mar Average, Romania, ROU
40.8,2011, Apr Average, Romania, ROU
58.8,2011, May Average, Romania, ROU
89.6,2011, Jun Average, Romania, ROU
94,2011, Jul Average, Romania, ROU
28.9,2011, Aug Average, Romania, ROU
16.8,2011, Sep Average, Romania, ROU
32.6,2011, Oct Average, Romania, ROU
2,2011, Nov Average, Romania, ROU
37,2011, Dec Average, Romania, ROU
53,2012, Jan Average, Romania, ROU
40.9,2012, Feb Average, Romania, ROU
15.1,2012, Mar Average, Romania, ROU
57.4,2012, Apr Average, Romania, ROU
123.1,2012, May Average, Romania, ROU
51.8,2012, Jun Average, Romania, ROU
54.2,2012, Jul Average, Romania, ROU
36.1,2012, Aug Average, Romania, ROU
36.4,2012, Sep Average, Romania, ROU
48.1,2012, Oct Average, Romania, ROU
21.8,2012, Nov Average, Romania, ROU
69.8,2012, Dec Average, Romania, ROU
52.2,2013, Jan Average, Romania, ROU
35.9,2013, Feb Average, Romania, ROU
64.2,2013, Mar Average, Romania, ROU
44,2013, Apr Average, Romania, ROU
94.8,2013, May Average, Romania, ROU
111.9,2013, Jun Average, Romania, ROU
42.2,2013, Jul Average, Romania, ROU
50.4,2013, Aug Average, Romania, ROU
78.3,2013, Sep Average, Romania, ROU
49.7,2013, Oct Average, Romania, ROU
37.6,2013, Nov Average, Romania, ROU
7,2013, Dec Average, Romania, ROU
53.3,2014, Jan Average, Romania, ROU
19.3,2014, Feb Average, Romania, ROU
32.7,2014, Mar Average, Romania, ROU
62,2014, Apr Average, Romania, ROU
114.1,2014, May Average, Romania, ROU
86.2,2014, Jun Average, Romania, ROU
115.3,2014, Jul Average, Romania, ROU
62.1,2014, Aug Average, Romania, ROU
43.9,2014, Sep Average, Romania, ROU
71.6,2014, Oct Average, Romania, ROU
42.6,2014, Nov Average, Romania, ROU
71.6,2014, Dec Average, Romania, ROU
39.9,2015, Jan Average, Romania, ROU
32.5,2015, Feb Average, Romania, ROU
61,2015, Mar Average, Romania, ROU
45.4,2015, Apr Average, Romania, ROU
54.2,2015, May Average, Romania, ROU
73.4,2015, Jun Average, Romania, ROU
40.8,2015, Jul Average, Romania, ROU
53.5,2015, Aug Average, Romania, ROU
62.6,2015, Sep Average, Romania, ROU
77.7,2015, Oct Average, Romania, ROU
66.3,2015, Nov Average, Romania, ROU
7.7,2015, Dec Average, Romania, ROU
54.9,2016, Jan Average, Romania, ROU
40.8,2016, Feb Average, Romania, ROU
49.8,2016, Mar Average, Romania, ROU
58.9,2016, Apr Average, Romania, ROU
86,2016, May Average, Romania, ROU
121.2,2016, Jun Average, Romania, ROU
60.1,2016, Jul Average, Romania, ROU
65.6,2016, Aug Average, Romania, ROU
52.1,2016, Sep Average, Romania, ROU
82.4,2016, Oct Average, Romania, ROU
54.9,2016, Nov Average, Romania, ROU
12,2016, Dec Average, Romania, ROU
23.7,2017, Jan Average, Romania, ROU
33.1,2017, Feb Average, Romania, ROU
36.9,2017, Mar Average, Romania, ROU
67.9,2017, Apr Average, Romania, ROU
71.7,2017, May Average, Romania, ROU
80.9,2017, Jun Average, Romania, ROU
89.7,2017, Jul Average, Romania, ROU
41.8,2017, Aug Average, Romania, ROU
54,2017, Sep Average, Romania, ROU
58.7,2017, Oct Average, Romania, ROU
46,2017, Nov Average, Romania, ROU
49.4,2017, Dec Average, Romania, ROU
40.2,2018, Jan Average, Romania, ROU
57.2,2018, Feb Average, Romania, ROU
68.3,2018, Mar Average, Romania, ROU
17.4,2018, Apr Average, Romania, ROU
47.1,2018, May Average, Romania, ROU
153.7,2018, Jun Average, Romania, ROU
90.5,2018, Jul Average, Romania, ROU
17.3,2018, Aug Average, Romania, ROU
32.2,2018, Sep Average, Romania, ROU
21.2,2018, Oct Average, Romania, ROU
43.3,2018, Nov Average, Romania, ROU
60.7,2018, Dec Average, Romania, ROU
54.8,2019, Jan Average, Romania, ROU
18.2,2019, Feb Average, Romania, ROU
18.7,2019, Mar Average, Romania, ROU
59.1,2019, Apr Average, Romania, ROU
116.5,2019, May Average, Romania, ROU
72.5,2019, Jun Average, Romania, ROU
51.3,2019, Jul Average, Romania, ROU
45.4,2019, Aug Average, Romania, ROU
30.3,2019, Sep Average, Romania, ROU
30.9,2019, Oct Average, Romania, ROU
33.4,2019, Nov Average, Romania, ROU
29.5,2019, Dec Average, Romania, ROU
11.2,2020, Jan Average, Romania, ROU
46.8,2020, Feb Average, Romania, ROU
38.7,2020, Mar Average, Romania, ROU
16.5,2020, Apr Average, Romania, ROU
78.9,2020, May Average, Romania, ROU
122.2,2020, Jun Average, Romania, ROU
79.8,2020, Jul Average, Romania, ROU
41,2020, Aug Average, Romania, ROU
53.1,2020, Sep Average, Romania, ROU
69.2,2020, Oct Average, Romania, ROU
21.5,2020, Nov Average, Romania, ROU
54.9,2020, Dec Average, Romania, ROU
